account,symbol,execution price,size,side,time,start position,event,closedPnL,leverage
user_39,BTC,14488.88,3.717,sell,2023-01-01 00:00:00,2.53,open,24.7,20
user_29,BTC,54613.38,4.05,sell,2023-01-01 01:00:00,-4.43,liquidation,-142.73,11
user_15,BTC,1066.09,4.234,buy,2023-01-01 02:00:00,7.06,liquidation,-42.84,34
user_43,ETH,33814.72,1.344,buy,2023-01-01 03:00:00,8.57,close,-56.3,10
user_8,BTC,45641.51,0.252,buy,2023-01-01 04:00:00,9.93,liquidation,-12.82,10
user_21,ETH,16262.61,3.723,sell,2023-01-01 05:00:00,5.92,close,-26.9,43
user_39,ETH,12394.84,0.621,sell,2023-01-01 06:00:00,5.07,liquidation,39.89,6
user_19,SOL,5961.8,1.643,sell,2023-01-01 07:00:00,-5.69,open,-92.97,36
user_23,AVAX,20259.58,0.119,sell,2023-01-01 08:00:00,-3.28,open,2.27,24
user_11,AVAX,34030.81,3.44,buy,2023-01-01 09:00:00,-0.69,liquidation,27.92,12
user_11,ETH,7834.79,0.919,buy,2023-01-01 10:00:00,5.47,liquidation,92.83,43
user_24,SOL,23225.03,3.311,buy,2023-01-01 11:00:00,8.3,open,-24.09,23
user_36,ETH,1535.27,4.96,buy,2023-01-01 12:00:00,-6.22,liquidation,16.22,27
user_40,ETH,49302.09,0.456,sell,2023-01-01 13:00:00,8.45,close,-90.19,45
user_24,ETH,8578.47,0.478,sell,2023-01-01 14:00:00,3.91,close,-119.6,37
user_3,SOL,17717.23,1.768,sell,2023-01-01 15:00:00,2.22,close,42.24,6
user_22,AVAX,2087.24,4.345,buy,2023-01-01 16:00:00,-6.0,close,-0.28,1
user_2,SOL,26502.21,1.156,buy,2023-01-01 17:00:00,-8.89,close,58.93,6
user_24,BTC,50567.17,1.866,sell,2023-01-01 18:00:00,1.37,liquidation,-68.67,50
user_44,SOL,24136.92,0.436,sell,2023-01-01 19:00:00,3.03,liquidation,26.0,22
user_30,SOL,11590.34,3.839,buy,2023-01-01 20:00:00,-5.78,close,93.44,41
user_38,SOL,45468.23,2.101,sell,2023-01-01 21:00:00,1.13,liquidation,20.99,24
user_2,SOL,47539.61,3.82,buy,2023-01-01 22:00:00,7.13,liquidation,13.83,25
user_21,AVAX,11251.46,4.528,buy,2023-01-01 23:00:00,6.7,close,0.43,15
user_33,BTC,46480.39,1.241,buy,2023-01-02 00:00:00,8.55,liquidation,-78.54,26
user_12,AVAX,56890.58,4.056,sell,2023-01-02 01:00:00,-2.68,liquidation,67.78,8
user_22,AVAX,10816.28,0.39,sell,2023-01-02 02:00:00,-3.64,liquidation,-30.54,24
user_44,SOL,46488.07,4.504,buy,2023-01-02 03:00:00,4.99,close,25.22,48
user_25,ETH,42805.75,3.289,sell,2023-01-02 04:00:00,-1.38,liquidation,-78.15,38
user_49,ETH,28940.86,4.384,buy,2023-01-02 05:00:00,-8.25,open,-58.97,6
user_27,AVAX,4417.31,0.101,buy,2023-01-02 06:00:00,-4.34,open,71.75,35
user_42,AVAX,5406.97,0.928,buy,2023-01-02 07:00:00,-1.63,close,-17.37,42
user_28,SOL,51292.46,2.01,buy,2023-01-02 08:00:00,-4.15,open,72.66,1
user_16,AVAX,59418.75,1.96,sell,2023-01-02 09:00:00,-3.36,close,-3.91,46
user_15,SOL,40887.08,1.211,buy,2023-01-02 10:00:00,-4.12,open,-92.09,36
user_47,ETH,27311.54,1.97,buy,2023-01-02 11:00:00,-9.17,open,44.6,12
user_44,ETH,39206.84,0.731,sell,2023-01-02 12:00:00,2.74,open,-29.49,38
user_3,BTC,36069.36,2.123,buy,2023-01-02 13:00:00,1.95,close,34.93,11
user_37,ETH,23633.12,4.032,buy,2023-01-02 14:00:00,3.07,close,1.26,12
user_7,AVAX,4871.94,2.447,sell,2023-01-02 15:00:00,-6.15,liquidation,-77.16,42
user_21,ETH,49469.26,0.188,sell,2023-01-02 16:00:00,-4.09,close,8.21,50
user_9,SOL,22938.18,2.165,sell,2023-01-02 17:00:00,2.39,open,109.81,39
user_39,ETH,49308.35,0.233,buy,2023-01-02 18:00:00,1.99,open,24.65,7
user_18,BTC,15898.02,4.835,sell,2023-01-02 19:00:00,0.13,close,-2.88,11
user_4,ETH,1060.74,0.725,sell,2023-01-02 20:00:00,-2.99,close,53.77,36
user_25,SOL,10377.36,3.568,buy,2023-01-02 21:00:00,8.26,close,10.53,31
user_14,SOL,28643.83,4.867,buy,2023-01-02 22:00:00,-3.2,liquidation,10.48,33
user_50,AVAX,56713.91,4.148,buy,2023-01-02 23:00:00,-0.89,open,-54.58,13
user_9,ETH,7029.42,3.527,buy,2023-01-03 00:00:00,3.56,liquidation,11.69,18
user_26,SOL,51398.38,4.213,buy,2023-01-03 01:00:00,0.86,liquidation,51.77,41
user_2,BTC,32094.42,4.911,sell,2023-01-03 02:00:00,-3.06,open,-41.8,24
user_20,AVAX,49729.33,3.145,sell,2023-01-03 03:00:00,-1.29,open,71.22,9
user_28,BTC,18604.09,2.84,sell,2023-01-03 04:00:00,5.89,close,-4.59,31
user_47,ETH,50556.88,3.178,buy,2023-01-03 05:00:00,-4.44,close,-44.39,41
user_7,ETH,46596.54,2.71,buy,2023-01-03 06:00:00,-7.15,liquidation,49.88,10
user_44,ETH,14573.17,3.212,buy,2023-01-03 07:00:00,-3.74,close,-14.34,2
user_8,AVAX,8748.77,2.304,sell,2023-01-03 08:00:00,6.99,close,37.98,38
user_47,SOL,52215.21,1.17,sell,2023-01-03 09:00:00,-8.22,open,-14.59,15
user_35,AVAX,57830.96,0.689,buy,2023-01-03 10:00:00,9.83,open,-2.99,3
user_14,BTC,2846.84,0.435,sell,2023-01-03 11:00:00,0.82,close,24.68,43
user_17,AVAX,44144.93,1.39,buy,2023-01-03 12:00:00,9.7,open,14.54,31
user_36,BTC,54661.95,0.326,sell,2023-01-03 13:00:00,8.78,close,-99.78,6
user_50,AVAX,51584.25,2.879,sell,2023-01-03 14:00:00,-0.94,open,-56.06,3
user_40,SOL,57906.71,1.491,sell,2023-01-03 15:00:00,-6.03,open,46.47,11
user_4,BTC,45845.55,4.14,buy,2023-01-03 16:00:00,-6.7,open,-6.61,15
user_2,ETH,27095.63,0.464,sell,2023-01-03 17:00:00,-5.2,open,-26.19,45
user_6,ETH,19405.17,1.209,sell,2023-01-03 18:00:00,4.2,close,-67.93,28
user_42,AVAX,19923.82,3.678,buy,2023-01-03 19:00:00,-4.54,liquidation,-53.99,10
user_4,ETH,43740.94,3.034,sell,2023-01-03 20:00:00,-3.17,open,-101.09,38
user_29,BTC,45004.38,0.416,buy,2023-01-03 21:00:00,-1.02,close,-5.06,47
user_18,ETH,12821.19,4.398,buy,2023-01-03 22:00:00,8.26,close,-29.92,50
user_26,SOL,52219.25,4.399,buy,2023-01-03 23:00:00,-6.21,open,-48.33,50
user_44,SOL,43180.52,1.719,buy,2023-01-04 00:00:00,-9.9,liquidation,-3.41,7
user_34,AVAX,34202.27,1.768,buy,2023-01-04 01:00:00,-8.8,open,18.2,15
user_10,BTC,28820.42,4.946,sell,2023-01-04 02:00:00,8.1,close,104.66,18
user_36,SOL,33050.74,3.168,buy,2023-01-04 03:00:00,2.95,liquidation,-75.59,18
user_14,SOL,10395.5,2.703,buy,2023-01-04 04:00:00,-4.54,close,57.97,41
user_31,BTC,13018.37,4.207,buy,2023-01-04 05:00:00,-6.46,open,48.66,24
user_48,ETH,6378.7,1.498,buy,2023-01-04 06:00:00,-4.11,liquidation,-38.95,2
user_15,ETH,10065.82,2.203,sell,2023-01-04 07:00:00,-7.7,close,10.16,40
user_8,AVAX,27767.92,1.412,buy,2023-01-04 08:00:00,8.83,close,-22.88,20
user_14,ETH,32290.91,3.967,sell,2023-01-04 09:00:00,5.68,close,9.28,34
user_23,BTC,2053.85,2.909,buy,2023-01-04 10:00:00,-0.75,open,75.46,43
user_40,SOL,48011.07,3.328,sell,2023-01-04 11:00:00,7.3,liquidation,30.28,26
user_21,ETH,18355.91,1.336,buy,2023-01-04 12:00:00,-5.01,open,25.43,7
user_16,AVAX,54798.33,1.179,buy,2023-01-04 13:00:00,4.34,open,-21.52,38
user_45,ETH,58083.16,2.493,sell,2023-01-04 14:00:00,7.12,open,-74.2,30
user_18,BTC,11942.07,3.714,buy,2023-01-04 15:00:00,-2.86,liquidation,-10.42,42
user_47,AVAX,28263.74,2.674,sell,2023-01-04 16:00:00,5.15,open,60.33,5
user_24,ETH,1072.68,0.26,buy,2023-01-04 17:00:00,-4.1,open,-76.36,11
user_26,AVAX,36301.31,4.356,sell,2023-01-04 18:00:00,-4.02,open,-52.75,1
user_25,BTC,36831.08,0.417,buy,2023-01-04 19:00:00,-7.86,open,6.31,34
user_45,SOL,15604.86,4.784,buy,2023-01-04 20:00:00,-1.2,close,-49.23,1
user_41,BTC,33946.35,0.223,sell,2023-01-04 21:00:00,4.59,open,-39.63,19
user_29,BTC,14306.87,3.503,buy,2023-01-04 22:00:00,8.8,close,-21.18,2
user_15,BTC,10488.7,0.503,buy,2023-01-04 23:00:00,2.08,open,-68.28,21
user_45,BTC,39439.65,4.562,buy,2023-01-05 00:00:00,7.26,liquidation,-48.71,20
user_1,SOL,20229.6,2.376,buy,2023-01-05 01:00:00,6.45,close,35.17,23
user_25,SOL,35825.57,0.774,buy,2023-01-05 02:00:00,-6.53,close,-65.37,21
user_7,AVAX,26561.56,1.77,buy,2023-01-05 03:00:00,-0.28,close,-79.89,24
user_9,ETH,59076.73,0.908,sell,2023-01-05 04:00:00,-7.66,close,-31.5,4
user_24,SOL,9825.26,0.936,sell,2023-01-05 05:00:00,3.64,liquidation,36.6,12
user_1,SOL,28411.32,4.746,sell,2023-01-05 06:00:00,9.0,open,-9.85,22
user_44,ETH,41146.94,2.282,buy,2023-01-05 07:00:00,-7.26,close,-23.23,20
user_8,SOL,24337.16,3.965,sell,2023-01-05 08:00:00,4.68,liquidation,2.22,18
user_24,BTC,58507.29,3.234,buy,2023-01-05 09:00:00,2.64,close,-87.29,1
user_11,BTC,43591.37,3.414,buy,2023-01-05 10:00:00,1.67,open,24.74,30
user_17,ETH,39762.05,0.745,buy,2023-01-05 11:00:00,-2.2,close,19.17,33
user_8,AVAX,45666.5,1.248,buy,2023-01-05 12:00:00,-2.9,liquidation,-20.47,24
user_35,AVAX,57206.27,3.955,sell,2023-01-05 13:00:00,-9.1,open,50.3,14
user_35,ETH,54561.3,4.857,buy,2023-01-05 14:00:00,-5.64,liquidation,-56.37,36
user_33,ETH,43732.83,1.387,sell,2023-01-05 15:00:00,-9.7,open,56.4,5
user_5,BTC,45200.54,1.431,buy,2023-01-05 16:00:00,1.63,open,7.72,11
user_42,AVAX,9609.4,2.417,sell,2023-01-05 17:00:00,-7.88,open,-16.83,24
user_39,SOL,7064.75,4.921,sell,2023-01-05 18:00:00,7.46,close,-0.99,31
user_41,BTC,34683.37,1.418,sell,2023-01-05 19:00:00,0.46,liquidation,-5.36,13
user_28,ETH,2083.69,2.094,sell,2023-01-05 20:00:00,3.99,liquidation,61.01,16
user_7,AVAX,29459.03,4.468,sell,2023-01-05 21:00:00,-1.78,liquidation,-53.83,24
user_9,SOL,13410.63,0.114,sell,2023-01-05 22:00:00,1.21,open,-38.13,13
user_8,SOL,21414.98,0.295,buy,2023-01-05 23:00:00,8.85,close,51.82,24
user_12,BTC,46772.48,3.06,sell,2023-01-06 00:00:00,-8.35,open,-29.78,26
user_34,AVAX,56533.01,4.546,buy,2023-01-06 01:00:00,-4.92,liquidation,45.03,2
user_33,AVAX,5272.56,1.27,sell,2023-01-06 02:00:00,5.6,close,84.97,16
user_48,ETH,32520.29,2.401,buy,2023-01-06 03:00:00,-8.03,close,-20.09,38
user_23,AVAX,53069.48,2.307,sell,2023-01-06 04:00:00,-8.49,close,34.07,46
user_24,AVAX,5868.0,2.418,sell,2023-01-06 05:00:00,-2.77,liquidation,-57.68,1
user_37,BTC,49646.33,3.15,buy,2023-01-06 06:00:00,-8.16,close,37.74,49
user_35,AVAX,22110.28,2.402,sell,2023-01-06 07:00:00,1.7,close,9.97,11
user_44,SOL,20003.59,2.293,sell,2023-01-06 08:00:00,-5.47,open,23.65,35
user_40,BTC,58670.52,2.424,sell,2023-01-06 09:00:00,7.91,open,-32.28,43
user_22,BTC,12850.69,2.995,buy,2023-01-06 10:00:00,5.67,close,-83.05,29
user_27,ETH,41898.44,2.731,sell,2023-01-06 11:00:00,3.99,close,25.16,37
user_35,AVAX,49465.0,4.285,buy,2023-01-06 12:00:00,2.34,open,-103.17,17
user_1,ETH,3429.83,0.343,sell,2023-01-06 13:00:00,7.27,open,-15.87,39
user_35,SOL,40552.74,4.183,sell,2023-01-06 14:00:00,-5.54,open,47.06,42
user_37,BTC,57141.45,4.235,buy,2023-01-06 15:00:00,7.46,liquidation,9.59,28
user_47,BTC,8328.98,1.496,sell,2023-01-06 16:00:00,5.79,liquidation,97.42,29
user_14,BTC,53877.06,2.368,sell,2023-01-06 17:00:00,4.96,open,51.26,43
user_3,SOL,36091.82,2.249,buy,2023-01-06 18:00:00,1.23,close,-32.69,3
user_1,SOL,37379.67,1.171,sell,2023-01-06 19:00:00,-5.08,open,1.37,10
user_5,ETH,37163.71,2.044,buy,2023-01-06 20:00:00,-1.53,liquidation,-2.37,42
user_26,ETH,18631.32,0.318,buy,2023-01-06 21:00:00,5.87,close,-79.11,14
user_14,ETH,56176.91,1.461,buy,2023-01-06 22:00:00,-9.36,liquidation,-47.02,12
user_39,AVAX,56893.68,4.102,sell,2023-01-06 23:00:00,5.64,close,-28.04,47
user_27,BTC,37892.97,1.494,buy,2023-01-07 00:00:00,-5.2,liquidation,-101.81,42
user_9,BTC,47221.94,4.109,buy,2023-01-07 01:00:00,-7.11,close,2.37,30
user_15,ETH,37123.22,2.705,sell,2023-01-07 02:00:00,-7.69,close,-12.45,32
user_15,BTC,29579.51,4.411,buy,2023-01-07 03:00:00,-9.45,close,-83.64,32
user_26,ETH,39988.39,2.916,sell,2023-01-07 04:00:00,0.47,close,20.21,42
user_42,AVAX,33627.09,0.245,sell,2023-01-07 05:00:00,-5.63,liquidation,35.79,32
user_13,AVAX,36251.08,3.41,sell,2023-01-07 06:00:00,9.79,liquidation,11.35,26
user_32,SOL,47246.12,0.32,sell,2023-01-07 07:00:00,1.49,close,-16.2,1
user_39,AVAX,29373.33,2.308,buy,2023-01-07 08:00:00,-7.24,close,29.57,42
user_49,ETH,3404.49,4.654,buy,2023-01-07 09:00:00,3.78,liquidation,34.01,2
user_32,AVAX,10675.97,0.909,buy,2023-01-07 10:00:00,7.95,close,15.37,17
user_4,SOL,26877.83,2.01,buy,2023-01-07 11:00:00,4.9,close,-41.23,30
user_30,BTC,43764.77,3.676,buy,2023-01-07 12:00:00,-8.47,close,13.83,39
user_37,ETH,36003.44,4.423,sell,2023-01-07 13:00:00,7.92,open,59.77,7
user_23,BTC,39367.36,3.388,buy,2023-01-07 14:00:00,5.88,close,-29.83,27
user_39,SOL,29277.46,1.365,buy,2023-01-07 15:00:00,-6.83,open,104.9,9
user_45,SOL,37328.78,3.406,buy,2023-01-07 16:00:00,-8.96,close,-26.28,22
user_15,SOL,20412.03,1.554,sell,2023-01-07 17:00:00,1.15,liquidation,1.62,34
user_43,BTC,28740.77,3.62,sell,2023-01-07 18:00:00,-6.88,open,-33.62,46
user_29,BTC,44912.46,4.775,buy,2023-01-07 19:00:00,6.69,open,11.16,49
user_36,BTC,52438.13,3.635,sell,2023-01-07 20:00:00,-2.83,close,-87.11,1
user_13,BTC,26585.66,4.328,buy,2023-01-07 21:00:00,8.26,close,-27.3,9
user_32,SOL,3576.04,0.11,buy,2023-01-07 22:00:00,1.31,open,-54.61,20
user_7,SOL,10538.68,3.616,sell,2023-01-07 23:00:00,-6.35,liquidation,6.77,19
user_22,ETH,2230.81,4.165,sell,2023-01-08 00:00:00,-7.21,liquidation,49.72,36
user_28,ETH,39542.52,0.299,buy,2023-01-08 01:00:00,1.53,close,32.3,40
user_2,BTC,20606.56,4.371,buy,2023-01-08 02:00:00,5.24,liquidation,-118.58,45
user_42,AVAX,33006.24,1.358,sell,2023-01-08 03:00:00,5.63,liquidation,102.1,4
user_45,AVAX,30103.33,3.36,buy,2023-01-08 04:00:00,-4.48,close,14.76,9
user_6,SOL,5810.06,4.022,sell,2023-01-08 05:00:00,-5.92,liquidation,-38.82,41
user_28,SOL,24792.42,3.347,buy,2023-01-08 06:00:00,-9.66,close,7.86,22
user_28,SOL,14013.11,0.552,sell,2023-01-08 07:00:00,3.58,open,8.81,18
user_44,ETH,25685.59,3.022,buy,2023-01-08 08:00:00,-8.47,close,-33.34,12
user_44,ETH,13011.12,2.793,buy,2023-01-08 09:00:00,-1.58,open,9.9,42
user_20,SOL,50586.69,4.512,sell,2023-01-08 10:00:00,2.03,open,-30.37,43
user_30,SOL,11277.41,2.081,buy,2023-01-08 11:00:00,8.74,liquidation,-20.22,39
user_11,SOL,57686.05,1.673,buy,2023-01-08 12:00:00,-3.76,liquidation,-34.31,9
user_28,AVAX,25538.53,3.774,sell,2023-01-08 13:00:00,-5.0,liquidation,-71.63,6
user_25,ETH,50928.47,2.122,buy,2023-01-08 14:00:00,3.08,close,7.29,19
user_39,AVAX,38097.12,3.266,buy,2023-01-08 15:00:00,2.38,liquidation,29.26,48
user_33,AVAX,44385.67,3.268,buy,2023-01-08 16:00:00,-3.36,open,25.74,47
user_1,SOL,46295.71,4.451,sell,2023-01-08 17:00:00,8.56,liquidation,41.0,7
user_27,SOL,30785.85,3.034,sell,2023-01-08 18:00:00,6.9,liquidation,16.22,16
user_13,BTC,33054.73,2.561,sell,2023-01-08 19:00:00,-5.52,close,-26.64,5
user_41,BTC,31325.76,0.78,buy,2023-01-08 20:00:00,-5.22,close,41.98,16
user_3,AVAX,35695.44,0.667,buy,2023-01-08 21:00:00,0.25,open,-67.88,1
user_39,ETH,2734.27,0.856,buy,2023-01-08 22:00:00,5.47,close,-45.03,37
user_6,SOL,24335.4,0.942,buy,2023-01-08 23:00:00,-9.12,liquidation,-48.21,39
user_8,SOL,36765.13,3.226,sell,2023-01-09 00:00:00,3.87,close,54.0,19
user_27,AVAX,36265.69,3.731,buy,2023-01-09 01:00:00,2.96,open,47.14,37
user_9,BTC,47784.41,2.697,buy,2023-01-09 02:00:00,-5.37,liquidation,24.37,17
user_37,ETH,39645.55,4.162,buy,2023-01-09 03:00:00,3.63,open,53.6,26
user_33,BTC,59535.87,4.957,sell,2023-01-09 04:00:00,8.8,close,-43.96,22
user_42,BTC,17747.42,4.118,buy,2023-01-09 05:00:00,-9.06,close,17.43,8
user_44,BTC,22189.91,3.505,buy,2023-01-09 06:00:00,-3.61,open,-6.26,33
user_24,BTC,23646.98,2.709,buy,2023-01-09 07:00:00,-1.24,liquidation,42.34,2
user_15,SOL,28482.96,2.299,buy,2023-01-09 08:00:00,7.99,close,-5.76,30
user_32,SOL,50323.89,0.514,buy,2023-01-09 09:00:00,9.25,close,-19.25,47
user_32,BTC,14911.73,2.057,sell,2023-01-09 10:00:00,-1.12,liquidation,27.05,20
user_24,ETH,46784.01,4.56,buy,2023-01-09 11:00:00,5.0,close,43.81,18
user_41,AVAX,24913.3,4.059,buy,2023-01-09 12:00:00,0.63,open,-33.42,43
user_49,ETH,36509.47,1.159,buy,2023-01-09 13:00:00,0.76,close,-3.05,10
user_49,ETH,38319.89,2.386,buy,2023-01-09 14:00:00,-4.44,close,-52.92,24
user_12,ETH,22998.07,4.102,buy,2023-01-09 15:00:00,-5.66,liquidation,-124.9,4
user_39,BTC,31244.3,0.43,buy,2023-01-09 16:00:00,-4.24,open,10.02,37
user_2,SOL,25368.84,1.998,buy,2023-01-09 17:00:00,1.13,liquidation,30.45,4
user_3,ETH,5078.83,4.274,buy,2023-01-09 18:00:00,-9.42,close,13.1,13
user_49,BTC,26792.76,2.079,buy,2023-01-09 19:00:00,8.14,close,-97.48,25
user_37,ETH,6746.21,0.48,buy,2023-01-09 20:00:00,-6.87,liquidation,-17.54,13
user_49,ETH,24896.23,2.758,sell,2023-01-09 21:00:00,-5.6,liquidation,-110.92,18
user_17,BTC,35982.19,4.323,sell,2023-01-09 22:00:00,0.37,liquidation,68.49,24
user_49,SOL,35185.48,2.992,sell,2023-01-09 23:00:00,4.2,open,-54.3,2
user_2,SOL,40094.66,1.209,sell,2023-01-10 00:00:00,-8.09,close,62.77,48
user_2,AVAX,6620.43,1.983,buy,2023-01-10 01:00:00,-3.65,liquidation,47.29,33
user_28,BTC,39475.27,2.306,sell,2023-01-10 02:00:00,9.37,close,-45.03,19
user_23,AVAX,19416.74,2.938,sell,2023-01-10 03:00:00,-4.75,open,-56.64,9
user_37,AVAX,24543.71,3.821,buy,2023-01-10 04:00:00,-3.74,open,17.52,28
user_32,AVAX,51621.19,0.584,sell,2023-01-10 05:00:00,6.73,open,-42.22,35
user_33,SOL,1532.79,4.459,sell,2023-01-10 06:00:00,-9.0,open,5.12,39
user_1,BTC,35716.35,0.16,buy,2023-01-10 07:00:00,-0.71,close,-24.14,10
user_19,AVAX,36324.12,1.913,buy,2023-01-10 08:00:00,-2.41,open,-89.06,1
user_2,BTC,24402.93,0.234,buy,2023-01-10 09:00:00,-3.67,open,-111.52,42
user_44,BTC,14984.64,2.026,sell,2023-01-10 10:00:00,-4.29,liquidation,11.33,21
user_26,SOL,14845.77,2.676,sell,2023-01-10 11:00:00,-8.17,open,-28.08,9
user_32,AVAX,53138.87,2.607,buy,2023-01-10 12:00:00,-3.7,liquidation,-27.65,47
user_6,AVAX,27079.44,0.912,buy,2023-01-10 13:00:00,-9.14,open,34.79,15
user_32,BTC,20522.47,3.264,sell,2023-01-10 14:00:00,5.62,open,58.67,35
user_4,ETH,27477.88,0.319,buy,2023-01-10 15:00:00,-2.04,liquidation,-13.63,5
user_11,SOL,40494.03,3.833,sell,2023-01-10 16:00:00,-1.12,open,-17.03,41
user_17,SOL,9599.64,4.739,buy,2023-01-10 17:00:00,7.87,close,25.01,22
user_38,SOL,27516.6,1.765,buy,2023-01-10 18:00:00,3.16,close,-67.85,41
user_24,SOL,35685.18,2.634,sell,2023-01-10 19:00:00,-9.84,open,11.16,23
user_5,AVAX,56966.42,1.957,buy,2023-01-10 20:00:00,8.86,close,27.59,7
user_34,AVAX,15899.14,0.133,buy,2023-01-10 21:00:00,-5.26,liquidation,34.01,23
user_6,ETH,22195.79,1.991,buy,2023-01-10 22:00:00,-7.85,open,-96.84,44
user_22,SOL,23382.16,3.979,sell,2023-01-10 23:00:00,5.36,open,-38.07,25
user_11,SOL,36726.75,3.02,buy,2023-01-11 00:00:00,0.01,liquidation,-43.91,27
user_48,BTC,22047.19,0.596,buy,2023-01-11 01:00:00,-1.32,liquidation,4.99,41
user_16,AVAX,32477.2,4.251,buy,2023-01-11 02:00:00,-5.01,liquidation,24.04,6
user_33,SOL,47125.63,2.702,buy,2023-01-11 03:00:00,0.95,open,74.84,34
user_9,ETH,42617.75,4.224,buy,2023-01-11 04:00:00,-4.51,liquidation,-24.75,9
user_6,ETH,27335.75,2.943,buy,2023-01-11 05:00:00,8.03,liquidation,-24.88,49
user_16,AVAX,51988.75,2.842,sell,2023-01-11 06:00:00,-5.7,close,57.48,33
user_29,ETH,33930.27,0.616,sell,2023-01-11 07:00:00,7.69,close,14.83,6
user_3,ETH,32854.44,0.92,buy,2023-01-11 08:00:00,1.19,open,63.38,37
user_20,AVAX,3017.08,4.863,sell,2023-01-11 09:00:00,6.57,close,14.44,31
user_36,SOL,59214.89,1.22,sell,2023-01-11 10:00:00,4.26,close,-57.86,34
user_19,SOL,8255.28,4.89,buy,2023-01-11 11:00:00,3.93,liquidation,-66.66,41
user_26,ETH,14636.72,2.706,sell,2023-01-11 12:00:00,-3.51,liquidation,-77.58,29
user_3,ETH,4050.11,0.765,sell,2023-01-11 13:00:00,-5.32,close,33.1,14
user_19,SOL,38760.18,0.587,sell,2023-01-11 14:00:00,-5.78,close,59.43,36
user_20,AVAX,14257.37,1.123,sell,2023-01-11 15:00:00,7.14,close,92.47,36
user_32,ETH,11620.62,4.636,sell,2023-01-11 16:00:00,6.41,open,42.16,15
user_7,BTC,6224.78,2.129,sell,2023-01-11 17:00:00,-1.19,open,58.14,8
user_41,AVAX,7095.23,2.038,sell,2023-01-11 18:00:00,-7.35,open,-29.0,26
user_33,ETH,35495.57,1.635,sell,2023-01-11 19:00:00,-2.35,close,-57.82,36
user_40,ETH,41604.26,0.821,buy,2023-01-11 20:00:00,2.39,close,42.5,48
user_39,BTC,24445.36,2.49,buy,2023-01-11 21:00:00,-0.91,open,20.88,21
user_18,BTC,29313.93,0.737,sell,2023-01-11 22:00:00,5.6,open,5.37,28
user_40,SOL,41472.1,4.194,sell,2023-01-11 23:00:00,9.95,close,19.37,4
user_1,AVAX,2025.41,1.915,buy,2023-01-12 00:00:00,-6.18,liquidation,16.16,16
user_11,AVAX,20064.71,1.937,sell,2023-01-12 01:00:00,-0.81,open,64.19,22
user_28,SOL,58412.77,2.423,sell,2023-01-12 02:00:00,-1.38,close,64.75,12
user_25,AVAX,35226.62,2.276,buy,2023-01-12 03:00:00,-3.91,close,27.21,16
user_50,AVAX,15999.25,4.975,buy,2023-01-12 04:00:00,-6.04,liquidation,42.29,40
user_23,AVAX,31782.07,2.772,buy,2023-01-12 05:00:00,-8.69,close,25.7,38
user_31,AVAX,21216.56,0.532,sell,2023-01-12 06:00:00,7.74,close,-23.06,42
user_30,AVAX,32402.45,3.074,sell,2023-01-12 07:00:00,-1.6,open,37.83,37
user_42,BTC,8418.75,0.843,buy,2023-01-12 08:00:00,-0.06,open,-69.72,29
user_35,AVAX,8830.16,0.252,buy,2023-01-12 09:00:00,8.34,liquidation,52.69,18
user_7,BTC,9469.0,4.857,sell,2023-01-12 10:00:00,5.53,liquidation,-59.73,10
user_16,AVAX,56449.37,3.89,buy,2023-01-12 11:00:00,-7.39,close,14.29,42
user_26,SOL,44241.04,4.903,sell,2023-01-12 12:00:00,1.31,open,-42.26,39
user_48,ETH,10580.53,2.442,sell,2023-01-12 13:00:00,-1.15,liquidation,27.67,18
user_49,BTC,12112.6,2.708,buy,2023-01-12 14:00:00,5.94,liquidation,-1.7,1
user_2,AVAX,44118.94,0.925,buy,2023-01-12 15:00:00,4.48,liquidation,-79.74,39
user_1,SOL,10213.67,1.31,sell,2023-01-12 16:00:00,3.81,close,21.03,21
user_48,ETH,14839.12,4.209,buy,2023-01-12 17:00:00,-3.19,open,-28.9,1
user_12,BTC,57837.46,1.845,buy,2023-01-12 18:00:00,6.1,liquidation,44.06,15
user_5,ETH,16063.08,4.151,buy,2023-01-12 19:00:00,-8.95,open,0.07,4
user_37,SOL,40036.31,3.574,buy,2023-01-12 20:00:00,-6.81,liquidation,19.77,20
user_32,BTC,58739.25,0.968,sell,2023-01-12 21:00:00,-3.29,liquidation,-47.88,10
user_9,ETH,23083.51,2.586,sell,2023-01-12 22:00:00,-8.46,open,-29.47,23
user_41,AVAX,2033.44,3.419,sell,2023-01-12 23:00:00,-5.3,open,-22.93,41
user_35,BTC,15404.69,1.252,sell,2023-01-13 00:00:00,6.6,open,42.84,34
user_19,ETH,50021.75,4.17,buy,2023-01-13 01:00:00,8.97,close,83.87,46
user_48,SOL,52011.92,2.77,buy,2023-01-13 02:00:00,-3.91,liquidation,-40.26,48
user_16,SOL,46342.64,0.91,sell,2023-01-13 03:00:00,-4.71,close,53.84,33
user_3,BTC,7673.48,2.957,sell,2023-01-13 04:00:00,-4.4,open,-108.48,34
user_20,ETH,47935.11,4.999,buy,2023-01-13 05:00:00,-4.45,liquidation,-59.71,39
user_24,BTC,55201.99,0.838,sell,2023-01-13 06:00:00,-9.28,close,-47.94,10
user_33,BTC,36435.96,4.102,sell,2023-01-13 07:00:00,8.54,liquidation,-67.63,20
user_24,ETH,56511.65,1.116,buy,2023-01-13 08:00:00,-5.73,close,-79.18,1
user_11,ETH,49783.49,3.934,sell,2023-01-13 09:00:00,-1.6,open,20.65,13
user_49,AVAX,40351.32,3.699,buy,2023-01-13 10:00:00,-9.81,close,-10.7,1
user_8,ETH,35053.93,1.572,buy,2023-01-13 11:00:00,7.16,liquidation,18.97,5
user_36,SOL,21565.85,1.697,sell,2023-01-13 12:00:00,4.62,liquidation,34.52,16
user_38,BTC,10397.96,3.983,buy,2023-01-13 13:00:00,8.94,liquidation,13.28,15
user_40,BTC,36692.28,2.361,sell,2023-01-13 14:00:00,5.63,liquidation,32.89,49
user_20,SOL,19768.58,3.681,buy,2023-01-13 15:00:00,-3.73,open,-3.48,28
user_35,ETH,52119.88,0.825,sell,2023-01-13 16:00:00,-5.04,close,-59.35,31
user_48,SOL,59606.88,4.278,sell,2023-01-13 17:00:00,3.95,open,52.89,23
user_25,SOL,45393.24,3.583,sell,2023-01-13 18:00:00,-2.72,open,-29.46,48
user_35,AVAX,6338.42,4.544,buy,2023-01-13 19:00:00,1.32,open,-46.78,45
user_25,SOL,18032.45,0.749,buy,2023-01-13 20:00:00,-9.87,liquidation,-8.9,43
user_29,BTC,7437.47,3.006,sell,2023-01-13 21:00:00,-8.76,liquidation,-45.64,17
user_18,SOL,39380.19,3.036,buy,2023-01-13 22:00:00,0.71,liquidation,-20.87,49
user_46,BTC,46146.26,1.832,sell,2023-01-13 23:00:00,1.32,close,17.2,34
user_18,BTC,55614.82,2.346,sell,2023-01-14 00:00:00,5.03,liquidation,17.42,13
user_2,BTC,26852.17,0.286,buy,2023-01-14 01:00:00,-7.36,close,-44.89,14
user_35,ETH,54181.16,3.755,sell,2023-01-14 02:00:00,0.26,liquidation,-24.39,11
user_16,AVAX,52795.58,2.792,buy,2023-01-14 03:00:00,-6.11,liquidation,53.72,28
user_41,BTC,19714.55,0.383,sell,2023-01-14 04:00:00,-8.14,open,24.82,42
user_36,BTC,52265.14,3.436,buy,2023-01-14 05:00:00,-1.79,open,103.75,32
user_33,ETH,23164.66,2.387,sell,2023-01-14 06:00:00,-6.73,open,59.01,35
user_4,BTC,18515.29,0.269,sell,2023-01-14 07:00:00,-5.56,close,57.21,31
user_33,SOL,39295.4,4.851,buy,2023-01-14 08:00:00,-3.65,close,-69.39,17
user_14,SOL,20374.49,4.751,sell,2023-01-14 09:00:00,-4.81,liquidation,38.19,47
user_21,AVAX,38182.32,2.613,sell,2023-01-14 10:00:00,-8.25,close,-2.66,9
user_48,BTC,36980.08,0.559,buy,2023-01-14 11:00:00,-8.2,liquidation,-27.55,10
user_20,ETH,34242.9,3.798,sell,2023-01-14 12:00:00,-6.14,close,8.4,8
user_8,SOL,23444.76,2.51,buy,2023-01-14 13:00:00,-8.99,close,47.26,21
user_7,ETH,33361.48,1.582,sell,2023-01-14 14:00:00,2.53,close,25.04,13
user_3,ETH,36192.64,2.508,buy,2023-01-14 15:00:00,-4.25,open,-43.92,50
user_17,SOL,33195.53,2.66,sell,2023-01-14 16:00:00,-4.41,close,37.12,5
user_33,ETH,27220.75,2.857,sell,2023-01-14 17:00:00,-3.36,open,-31.88,6
user_48,SOL,1865.36,2.262,sell,2023-01-14 18:00:00,3.26,open,10.83,30
user_12,ETH,35636.64,3.068,buy,2023-01-14 19:00:00,7.41,close,-15.17,31
user_22,SOL,10938.22,4.602,buy,2023-01-14 20:00:00,5.18,liquidation,-10.94,17
user_22,BTC,38911.98,1.875,buy,2023-01-14 21:00:00,4.55,liquidation,38.31,11
user_46,AVAX,45801.32,3.656,buy,2023-01-14 22:00:00,-0.31,liquidation,-52.01,20
user_30,SOL,30526.27,4.483,sell,2023-01-14 23:00:00,3.88,close,97.26,48
user_38,SOL,32999.46,2.334,sell,2023-01-15 00:00:00,1.06,liquidation,-91.05,9
user_38,AVAX,57137.24,2.273,buy,2023-01-15 01:00:00,-5.67,open,-29.88,2
user_45,SOL,50982.87,3.05,buy,2023-01-15 02:00:00,-5.83,liquidation,18.51,37
user_8,SOL,54939.95,2.998,buy,2023-01-15 03:00:00,-4.07,close,29.22,1
user_27,ETH,49012.21,4.052,sell,2023-01-15 04:00:00,8.22,liquidation,-5.02,4
user_27,AVAX,7426.18,2.435,buy,2023-01-15 05:00:00,0.95,open,-2.87,36
user_34,BTC,9790.52,4.981,buy,2023-01-15 06:00:00,4.68,close,20.53,25
user_21,SOL,32070.8,0.391,sell,2023-01-15 07:00:00,-3.07,liquidation,-11.55,3
user_30,AVAX,15518.11,0.116,sell,2023-01-15 08:00:00,-1.85,close,69.66,9
user_33,ETH,29125.03,3.237,buy,2023-01-15 09:00:00,-7.49,close,41.97,22
user_28,BTC,24267.55,1.562,sell,2023-01-15 10:00:00,-6.57,close,43.64,23
user_47,AVAX,33415.44,1.278,buy,2023-01-15 11:00:00,6.55,liquidation,-48.31,12
user_33,BTC,45065.67,1.628,sell,2023-01-15 12:00:00,1.7,close,-3.97,10
user_5,BTC,43213.96,1.355,buy,2023-01-15 13:00:00,-3.25,liquidation,-15.02,34
user_48,BTC,31752.81,0.251,buy,2023-01-15 14:00:00,6.06,open,-50.28,43
user_19,SOL,49521.21,4.861,buy,2023-01-15 15:00:00,-5.07,liquidation,18.01,10
user_4,SOL,26420.86,1.182,buy,2023-01-15 16:00:00,9.52,open,-26.88,30
user_35,ETH,53906.14,3.697,sell,2023-01-15 17:00:00,-3.1,liquidation,32.77,22
user_49,ETH,5205.54,3.837,sell,2023-01-15 18:00:00,-3.25,close,-53.51,6
user_17,AVAX,57324.94,4.653,sell,2023-01-15 19:00:00,-3.76,liquidation,85.95,50
user_44,ETH,39626.89,0.25,sell,2023-01-15 20:00:00,-7.56,close,-44.82,2
user_28,BTC,23424.4,4.373,buy,2023-01-15 21:00:00,-7.78,open,10.97,30
user_30,BTC,12632.09,2.683,buy,2023-01-15 22:00:00,2.96,liquidation,39.59,2
user_29,SOL,29271.81,3.199,sell,2023-01-15 23:00:00,7.5,close,-28.53,32
user_46,BTC,12478.94,3.258,sell,2023-01-16 00:00:00,5.81,open,42.62,42
user_6,AVAX,10813.56,4.117,sell,2023-01-16 01:00:00,-7.18,open,-61.46,16
user_35,BTC,37423.75,1.734,sell,2023-01-16 02:00:00,0.91,liquidation,72.61,12
user_41,BTC,31862.0,3.692,sell,2023-01-16 03:00:00,-7.89,open,0.71,1
user_37,AVAX,40535.67,2.69,buy,2023-01-16 04:00:00,-9.09,close,-29.82,8
user_24,ETH,55846.75,3.988,buy,2023-01-16 05:00:00,3.13,open,-14.96,48
user_29,ETH,32403.35,4.954,buy,2023-01-16 06:00:00,0.7,open,40.45,50
user_49,AVAX,35274.99,1.083,sell,2023-01-16 07:00:00,-8.36,close,-29.22,13
user_46,SOL,6287.95,4.974,sell,2023-01-16 08:00:00,-9.3,open,-37.47,15
user_31,BTC,43340.51,0.54,sell,2023-01-16 09:00:00,9.8,open,-11.08,44
user_35,AVAX,24594.41,0.111,sell,2023-01-16 10:00:00,-9.4,open,-58.85,8
user_33,BTC,58626.79,0.316,buy,2023-01-16 11:00:00,-1.11,open,91.03,10
user_21,SOL,49567.27,1.775,buy,2023-01-16 12:00:00,0.09,close,-28.32,46
user_32,BTC,31826.38,3.201,sell,2023-01-16 13:00:00,-7.65,open,41.58,5
user_23,AVAX,8270.14,0.438,buy,2023-01-16 14:00:00,-6.62,close,10.47,50
user_33,BTC,51705.53,0.128,buy,2023-01-16 15:00:00,-2.96,open,-49.23,19
user_3,ETH,48187.08,4.692,sell,2023-01-16 16:00:00,5.23,open,-0.3,47
user_18,SOL,11890.52,4.127,sell,2023-01-16 17:00:00,0.14,open,39.2,38
user_25,SOL,18421.42,4.065,sell,2023-01-16 18:00:00,2.76,open,-9.41,11
user_42,SOL,47811.03,4.434,sell,2023-01-16 19:00:00,9.7,close,59.66,43
user_31,AVAX,11928.48,3.53,sell,2023-01-16 20:00:00,5.36,close,51.08,20
user_3,SOL,55147.4,0.612,sell,2023-01-16 21:00:00,-1.31,close,45.95,20
user_40,ETH,26047.12,2.056,buy,2023-01-16 22:00:00,-1.07,liquidation,-22.98,21
user_46,AVAX,6135.3,3.643,buy,2023-01-16 23:00:00,2.38,open,-53.99,18
user_24,ETH,49129.17,1.474,sell,2023-01-17 00:00:00,3.31,open,-30.68,50
user_50,BTC,23037.07,3.468,buy,2023-01-17 01:00:00,0.01,close,9.81,10
user_32,BTC,32063.45,0.22,sell,2023-01-17 02:00:00,2.9,liquidation,27.29,34
user_47,BTC,7625.96,1.6,sell,2023-01-17 03:00:00,-9.53,open,-108.58,26
user_22,BTC,1152.46,2.791,sell,2023-01-17 04:00:00,-1.41,close,-0.41,30
user_23,ETH,38641.13,3.197,sell,2023-01-17 05:00:00,-4.42,open,7.9,9
user_2,AVAX,31395.34,2.927,buy,2023-01-17 06:00:00,-7.42,open,-13.88,46
user_27,AVAX,36018.78,3.519,sell,2023-01-17 07:00:00,-8.01,close,64.56,31
user_42,SOL,47830.89,0.13,buy,2023-01-17 08:00:00,2.06,close,21.09,42
user_2,ETH,39149.75,0.595,sell,2023-01-17 09:00:00,0.47,open,65.51,4
user_26,BTC,11311.63,4.358,sell,2023-01-17 10:00:00,-4.93,open,-10.8,6
user_17,ETH,22285.58,3.441,sell,2023-01-17 11:00:00,-0.58,close,46.87,14
user_40,SOL,54447.58,0.653,buy,2023-01-17 12:00:00,-0.16,open,81.75,4
user_33,SOL,46426.74,4.226,sell,2023-01-17 13:00:00,-6.1,open,65.58,26
user_9,ETH,33841.59,1.287,sell,2023-01-17 14:00:00,3.04,close,-54.61,47
user_43,ETH,16083.05,2.443,sell,2023-01-17 15:00:00,5.62,open,-12.68,48
user_48,ETH,18821.57,0.811,buy,2023-01-17 16:00:00,5.83,open,-17.26,39
user_39,AVAX,44185.53,3.58,buy,2023-01-17 17:00:00,2.05,liquidation,24.46,17
user_29,BTC,51219.28,3.368,buy,2023-01-17 18:00:00,0.23,close,34.32,19
user_42,ETH,40614.06,1.134,sell,2023-01-17 19:00:00,-8.78,liquidation,-41.94,49
user_26,ETH,48762.27,4.331,buy,2023-01-17 20:00:00,-4.24,liquidation,3.39,6
user_35,ETH,46232.71,2.066,sell,2023-01-17 21:00:00,-8.13,liquidation,-101.0,29
user_50,SOL,9832.53,1.533,buy,2023-01-17 22:00:00,9.28,open,72.1,11
user_25,SOL,26012.74,0.846,buy,2023-01-17 23:00:00,-7.3,open,-25.62,16
user_24,AVAX,10026.04,1.404,sell,2023-01-18 00:00:00,-6.96,liquidation,2.79,30
user_13,BTC,14878.9,0.208,buy,2023-01-18 01:00:00,7.79,liquidation,-15.48,25
user_7,AVAX,52286.32,2.958,sell,2023-01-18 02:00:00,8.88,liquidation,57.3,40
user_36,BTC,28900.63,4.227,sell,2023-01-18 03:00:00,5.32,open,-141.88,11
user_45,SOL,32586.13,2.79,buy,2023-01-18 04:00:00,-9.89,liquidation,-0.83,7
user_20,SOL,11528.31,1.174,sell,2023-01-18 05:00:00,-9.97,liquidation,-5.29,26
user_1,SOL,19424.04,0.265,sell,2023-01-18 06:00:00,-2.44,close,-22.68,22
user_8,AVAX,14584.52,1.152,buy,2023-01-18 07:00:00,-7.13,close,86.31,25
user_46,ETH,13164.98,2.139,buy,2023-01-18 08:00:00,-9.63,open,-44.37,19
user_16,ETH,38639.69,3.822,sell,2023-01-18 09:00:00,-0.72,close,38.59,31
user_14,SOL,16156.15,1.02,buy,2023-01-18 10:00:00,8.86,close,17.81,26
user_12,ETH,38288.91,3.627,sell,2023-01-18 11:00:00,-3.52,close,63.08,42
user_23,ETH,4448.82,4.348,sell,2023-01-18 12:00:00,3.22,open,-33.36,41
user_15,AVAX,9364.69,2.324,buy,2023-01-18 13:00:00,3.04,close,-36.65,36
user_28,BTC,17197.87,4.125,buy,2023-01-18 14:00:00,-4.98,open,54.8,23
user_34,SOL,36225.77,2.818,buy,2023-01-18 15:00:00,3.01,liquidation,21.27,47
user_2,SOL,40874.63,3.222,buy,2023-01-18 16:00:00,-5.75,close,-77.25,13
user_32,AVAX,27120.3,2.679,sell,2023-01-18 17:00:00,-7.56,open,-26.97,25
user_23,AVAX,27301.66,2.37,sell,2023-01-18 18:00:00,4.03,close,19.32,2
user_22,ETH,43746.49,1.25,buy,2023-01-18 19:00:00,-7.73,liquidation,41.89,2
user_25,SOL,1933.44,1.586,buy,2023-01-18 20:00:00,9.94,open,-33.96,16
user_22,BTC,21124.31,1.521,sell,2023-01-18 21:00:00,-6.33,open,-145.71,9
user_22,AVAX,49303.72,2.86,sell,2023-01-18 22:00:00,1.88,open,26.16,28
user_49,BTC,36589.95,0.688,sell,2023-01-18 23:00:00,-1.77,liquidation,-61.02,13
user_42,BTC,20896.4,4.592,sell,2023-01-19 00:00:00,-7.47,liquidation,-100.87,35
user_6,SOL,54425.96,3.631,buy,2023-01-19 01:00:00,-9.44,liquidation,-141.62,41
user_15,SOL,46584.74,2.067,sell,2023-01-19 02:00:00,2.45,open,40.7,13
user_43,AVAX,16628.83,0.877,sell,2023-01-19 03:00:00,6.14,liquidation,6.43,31
user_37,SOL,39072.1,4.422,buy,2023-01-19 04:00:00,6.84,close,-11.28,21
user_33,SOL,36149.29,4.137,sell,2023-01-19 05:00:00,-0.35,liquidation,69.45,32
user_8,SOL,24670.09,3.636,sell,2023-01-19 06:00:00,5.55,open,31.87,34
user_44,BTC,22650.41,1.431,buy,2023-01-19 07:00:00,3.46,close,80.82,8
user_44,AVAX,21270.07,2.072,buy,2023-01-19 08:00:00,4.49,liquidation,-69.64,41
user_5,ETH,37412.19,0.603,buy,2023-01-19 09:00:00,-0.15,close,-1.73,48
user_39,BTC,27102.19,1.026,sell,2023-01-19 10:00:00,2.67,close,-80.84,2
user_4,SOL,50079.92,3.937,sell,2023-01-19 11:00:00,6.11,open,-11.47,38
user_6,BTC,40506.55,3.604,buy,2023-01-19 12:00:00,-2.04,close,-12.43,32
user_45,SOL,5125.96,3.008,buy,2023-01-19 13:00:00,6.12,close,31.33,40
user_32,SOL,38769.93,4.489,sell,2023-01-19 14:00:00,1.84,open,2.28,28
user_30,BTC,16997.7,2.958,buy,2023-01-19 15:00:00,-6.68,open,31.17,37
user_47,AVAX,35975.91,2.388,buy,2023-01-19 16:00:00,-9.51,open,35.17,41
user_35,SOL,41127.78,1.768,buy,2023-01-19 17:00:00,-2.74,close,107.75,1
user_40,AVAX,14618.92,4.708,sell,2023-01-19 18:00:00,0.93,close,-15.76,41
user_16,ETH,27954.66,0.505,sell,2023-01-19 19:00:00,6.8,close,-47.05,10
user_13,SOL,12229.17,4.661,sell,2023-01-19 20:00:00,-7.45,open,12.3,4
user_50,AVAX,4087.99,4.151,sell,2023-01-19 21:00:00,6.0,liquidation,-40.11,35
user_42,AVAX,23330.11,0.737,sell,2023-01-19 22:00:00,7.26,close,74.1,10
user_30,ETH,22413.71,2.868,sell,2023-01-19 23:00:00,-6.99,liquidation,-14.16,47
user_19,AVAX,59733.35,4.346,buy,2023-01-20 00:00:00,7.03,open,-28.28,11
user_17,AVAX,27334.79,2.902,sell,2023-01-20 01:00:00,9.83,close,-23.57,14
user_19,ETH,20680.6,4.545,sell,2023-01-20 02:00:00,4.54,liquidation,35.92,38
user_28,SOL,35248.03,4.721,buy,2023-01-20 03:00:00,5.7,close,-7.89,12
user_26,AVAX,6237.28,2.17,sell,2023-01-20 04:00:00,9.89,close,-32.08,45
user_37,AVAX,57738.28,1.949,sell,2023-01-20 05:00:00,2.11,close,83.27,17
user_26,AVAX,38462.64,4.688,buy,2023-01-20 06:00:00,-3.84,liquidation,-42.81,16
user_23,BTC,45535.43,3.408,buy,2023-01-20 07:00:00,6.75,open,1.78,35
user_9,ETH,11058.2,0.669,buy,2023-01-20 08:00:00,2.29,close,32.62,2
user_12,BTC,25159.19,0.307,sell,2023-01-20 09:00:00,1.62,open,-81.57,11
user_1,ETH,25938.66,2.867,buy,2023-01-20 10:00:00,-4.93,open,24.01,41
user_1,SOL,49486.58,4.658,sell,2023-01-20 11:00:00,5.13,liquidation,-52.76,3
user_47,SOL,1072.96,4.237,sell,2023-01-20 12:00:00,-8.37,liquidation,41.14,29
user_34,AVAX,18750.33,3.412,sell,2023-01-20 13:00:00,8.49,open,-48.13,18
user_32,ETH,58892.95,0.782,sell,2023-01-20 14:00:00,-3.48,close,34.64,20
user_48,SOL,29018.31,1.346,buy,2023-01-20 15:00:00,-7.44,liquidation,55.29,47
user_25,ETH,23569.05,4.39,buy,2023-01-20 16:00:00,-1.15,close,43.07,14
user_40,SOL,8069.91,0.996,sell,2023-01-20 17:00:00,-9.15,close,12.57,34
user_45,BTC,58475.71,1.464,buy,2023-01-20 18:00:00,3.69,close,-11.57,49
user_1,SOL,2181.55,0.735,sell,2023-01-20 19:00:00,8.05,open,-28.82,31
user_16,BTC,44493.63,3.413,sell,2023-01-20 20:00:00,6.75,close,73.55,40
user_39,SOL,46347.39,4.726,sell,2023-01-20 21:00:00,-7.45,open,-34.97,42
user_5,AVAX,15375.75,1.418,buy,2023-01-20 22:00:00,-7.47,open,-51.85,18
user_22,BTC,40621.95,2.429,sell,2023-01-20 23:00:00,6.27,close,33.27,30
user_29,SOL,6482.82,3.208,sell,2023-01-21 00:00:00,8.49,close,-39.81,25
user_3,AVAX,16165.79,4.997,buy,2023-01-21 01:00:00,-0.79,close,-47.5,19
user_12,BTC,47486.22,0.614,buy,2023-01-21 02:00:00,-0.02,close,-72.18,8
user_26,AVAX,52016.49,2.543,buy,2023-01-21 03:00:00,-3.63,open,-24.15,28
user_16,ETH,36900.7,1.987,buy,2023-01-21 04:00:00,7.89,close,-4.14,8
user_37,ETH,30903.47,4.343,sell,2023-01-21 05:00:00,2.9,close,12.15,31
user_22,BTC,10398.94,2.432,buy,2023-01-21 06:00:00,-4.23,open,47.57,3
user_29,SOL,4723.43,0.644,sell,2023-01-21 07:00:00,-4.02,liquidation,26.34,3
user_14,BTC,7941.29,3.209,buy,2023-01-21 08:00:00,7.82,liquidation,-9.54,44
user_28,AVAX,14414.08,3.877,buy,2023-01-21 09:00:00,-9.73,open,-9.91,22
user_5,SOL,21158.8,0.114,buy,2023-01-21 10:00:00,-3.55,liquidation,25.51,17
user_47,ETH,23473.66,4.309,buy,2023-01-21 11:00:00,1.09,open,63.63,36
user_49,SOL,21432.98,1.012,buy,2023-01-21 12:00:00,-7.04,close,6.32,17
user_30,ETH,15104.26,2.805,buy,2023-01-21 13:00:00,-8.16,close,-23.46,14
user_46,SOL,31073.73,2.137,sell,2023-01-21 14:00:00,6.31,liquidation,-49.64,9
user_5,SOL,49691.88,3.626,buy,2023-01-21 15:00:00,7.89,close,-72.26,30
user_12,SOL,17502.51,1.919,buy,2023-01-21 16:00:00,6.47,liquidation,33.31,21
user_16,AVAX,56600.83,4.362,buy,2023-01-21 17:00:00,7.98,liquidation,28.9,12
user_26,AVAX,52526.86,3.679,buy,2023-01-21 18:00:00,1.06,close,28.87,37
user_26,BTC,10544.09,3.274,sell,2023-01-21 19:00:00,6.25,close,-6.43,32
user_48,BTC,47390.28,4.002,buy,2023-01-21 20:00:00,-2.32,liquidation,70.35,11
user_21,ETH,34900.66,3.795,buy,2023-01-21 21:00:00,3.33,close,-24.21,20
user_39,AVAX,34427.95,0.276,buy,2023-01-21 22:00:00,9.78,open,47.76,35
user_36,ETH,24071.52,2.034,buy,2023-01-21 23:00:00,-5.49,close,-1.94,47
user_33,BTC,30568.03,4.661,sell,2023-01-22 00:00:00,-2.2,close,-30.42,46
user_30,ETH,24433.55,0.716,buy,2023-01-22 01:00:00,-0.4,open,29.63,11
user_37,BTC,32844.22,3.712,sell,2023-01-22 02:00:00,-7.24,close,20.48,8
user_23,AVAX,38049.05,4.875,buy,2023-01-22 03:00:00,-8.38,close,17.85,4
user_10,SOL,40783.92,0.356,sell,2023-01-22 04:00:00,6.59,liquidation,4.06,27
user_5,AVAX,32416.39,3.443,sell,2023-01-22 05:00:00,9.54,close,-1.89,44
user_36,ETH,43563.9,2.394,buy,2023-01-22 06:00:00,-1.91,close,119.42,40
user_34,ETH,9335.4,2.938,buy,2023-01-22 07:00:00,-8.25,open,59.21,38
user_31,AVAX,13506.97,0.518,sell,2023-01-22 08:00:00,-8.68,liquidation,36.14,47
user_10,AVAX,49305.37,0.311,sell,2023-01-22 09:00:00,7.83,liquidation,5.59,30
user_19,BTC,20029.15,3.368,buy,2023-01-22 10:00:00,-0.72,liquidation,50.36,44
user_32,ETH,2350.74,4.134,sell,2023-01-22 11:00:00,-3.6,close,25.9,48
user_1,ETH,10073.68,3.932,sell,2023-01-22 12:00:00,-0.47,liquidation,1.31,48
user_5,AVAX,14193.25,2.765,sell,2023-01-22 13:00:00,-3.63,open,-15.18,27
user_45,SOL,57482.05,0.589,buy,2023-01-22 14:00:00,-0.22,liquidation,-4.05,21
user_4,ETH,34809.44,3.471,sell,2023-01-22 15:00:00,7.19,open,-158.52,20
user_16,SOL,56031.11,1.285,sell,2023-01-22 16:00:00,1.85,liquidation,10.53,4
user_24,AVAX,34934.64,4.564,sell,2023-01-22 17:00:00,3.89,liquidation,-24.42,11
user_16,AVAX,29281.91,4.208,buy,2023-01-22 18:00:00,-2.71,open,79.63,13
user_2,BTC,19509.93,3.576,buy,2023-01-22 19:00:00,4.77,liquidation,0.97,9
user_49,ETH,36775.89,4.749,sell,2023-01-22 20:00:00,3.33,liquidation,-59.45,4
user_28,SOL,9212.68,0.254,buy,2023-01-22 21:00:00,-7.61,liquidation,-2.49,12
user_32,BTC,53997.44,3.707,sell,2023-01-22 22:00:00,1.45,close,-52.31,9
user_27,ETH,49930.61,1.718,buy,2023-01-22 23:00:00,-4.87,open,23.67,13
user_20,BTC,19734.36,4.54,buy,2023-01-23 00:00:00,6.08,liquidation,14.55,48
user_24,AVAX,57215.05,1.407,sell,2023-01-23 01:00:00,-1.48,open,47.89,26
user_12,ETH,49686.85,3.652,buy,2023-01-23 02:00:00,9.89,open,-39.54,38
user_50,BTC,40312.11,4.4,buy,2023-01-23 03:00:00,-8.15,open,1.7,42
user_35,BTC,8183.95,0.304,buy,2023-01-23 04:00:00,5.61,liquidation,-68.25,13
user_33,SOL,29215.81,2.048,sell,2023-01-23 05:00:00,3.47,liquidation,35.07,39
user_33,BTC,30860.35,3.835,buy,2023-01-23 06:00:00,5.35,open,25.94,28
user_43,ETH,14720.53,2.329,buy,2023-01-23 07:00:00,-3.85,close,24.79,19
user_37,ETH,5717.96,1.41,sell,2023-01-23 08:00:00,-0.16,open,0.08,24
user_12,SOL,46826.69,1.177,buy,2023-01-23 09:00:00,5.93,close,20.74,19
user_3,ETH,8200.07,0.744,buy,2023-01-23 10:00:00,-5.35,open,80.22,49
user_1,AVAX,36063.15,4.3,buy,2023-01-23 11:00:00,-5.48,open,-14.25,13
user_33,ETH,56250.5,2.919,buy,2023-01-23 12:00:00,1.02,open,6.93,13
user_40,ETH,52690.21,0.474,buy,2023-01-23 13:00:00,0.47,liquidation,-54.31,28
user_10,BTC,17387.4,1.975,sell,2023-01-23 14:00:00,-4.35,close,-43.41,2
user_43,BTC,51235.47,1.902,sell,2023-01-23 15:00:00,-4.04,close,4.89,10
user_44,ETH,1019.62,0.991,buy,2023-01-23 16:00:00,-4.44,open,55.2,22
user_29,SOL,2043.58,2.234,buy,2023-01-23 17:00:00,5.43,liquidation,-12.81,13
user_13,BTC,36550.64,1.727,buy,2023-01-23 18:00:00,3.04,liquidation,-11.8,9
user_12,SOL,22523.09,1.775,sell,2023-01-23 19:00:00,6.65,close,-20.34,33
user_31,ETH,23801.19,3.721,sell,2023-01-23 20:00:00,9.51,liquidation,-26.74,14
user_46,ETH,34302.02,1.194,buy,2023-01-23 21:00:00,-0.52,close,14.75,48
user_2,AVAX,12315.16,3.245,buy,2023-01-23 22:00:00,-8.67,close,-74.86,20
user_50,BTC,13493.57,2.896,sell,2023-01-23 23:00:00,-9.04,close,64.05,15
user_35,ETH,29591.49,2.884,buy,2023-01-24 00:00:00,-4.09,liquidation,-33.27,32
user_23,AVAX,45500.96,3.349,sell,2023-01-24 01:00:00,8.65,close,36.1,33
user_17,BTC,37550.37,2.787,sell,2023-01-24 02:00:00,0.46,close,-63.5,17
user_26,ETH,18543.95,4.408,buy,2023-01-24 03:00:00,-4.56,open,33.44,24
user_8,ETH,26389.89,3.41,sell,2023-01-24 04:00:00,-2.02,close,33.6,30
user_29,BTC,11069.22,2.78,buy,2023-01-24 05:00:00,1.97,close,19.21,13
user_26,BTC,5403.16,4.166,buy,2023-01-24 06:00:00,3.06,open,-49.72,47
user_10,BTC,47179.07,3.07,buy,2023-01-24 07:00:00,-6.92,open,12.48,48
user_26,ETH,16657.86,1.527,buy,2023-01-24 08:00:00,9.54,liquidation,-59.15,16
user_34,ETH,11488.22,1.115,buy,2023-01-24 09:00:00,0.9,close,-12.64,2
user_41,AVAX,41805.47,0.846,buy,2023-01-24 10:00:00,-7.29,liquidation,51.47,17
user_7,SOL,37465.05,4.507,sell,2023-01-24 11:00:00,7.87,liquidation,39.84,32
user_4,BTC,38358.19,3.58,sell,2023-01-24 12:00:00,-8.51,open,0.76,43
user_50,ETH,14504.78,4.693,sell,2023-01-24 13:00:00,8.15,liquidation,-48.74,8
user_45,ETH,14726.09,3.056,sell,2023-01-24 14:00:00,9.93,close,32.28,3
user_11,BTC,14027.36,2.42,buy,2023-01-24 15:00:00,4.01,open,0.97,12
user_29,SOL,11251.4,0.393,sell,2023-01-24 16:00:00,5.41,close,-116.02,20
user_36,BTC,39687.7,3.391,sell,2023-01-24 17:00:00,-3.25,close,39.13,16
user_25,SOL,51032.94,2.953,sell,2023-01-24 18:00:00,8.83,open,-1.21,14
user_21,ETH,43734.73,4.952,buy,2023-01-24 19:00:00,0.59,close,60.12,16
user_36,SOL,47733.52,1.272,sell,2023-01-24 20:00:00,4.65,open,-54.76,49
user_10,AVAX,24883.11,2.701,buy,2023-01-24 21:00:00,8.48,close,-158.84,43
user_37,ETH,39590.47,3.29,sell,2023-01-24 22:00:00,9.5,open,13.95,49
user_9,AVAX,21899.94,3.258,buy,2023-01-24 23:00:00,6.66,liquidation,14.58,33
user_24,BTC,32004.77,2.85,buy,2023-01-25 00:00:00,-3.94,close,-84.53,30
user_35,BTC,29416.46,3.907,sell,2023-01-25 01:00:00,9.33,open,-48.92,12
user_49,BTC,11436.34,1.104,buy,2023-01-25 02:00:00,2.56,close,137.76,15
user_35,SOL,23837.65,3.656,buy,2023-01-25 03:00:00,8.61,close,-15.28,18
user_48,ETH,57865.51,3.137,sell,2023-01-25 04:00:00,3.52,close,36.55,28
user_36,BTC,15666.24,4.491,sell,2023-01-25 05:00:00,-3.86,open,-32.53,23
user_18,BTC,8894.42,4.251,sell,2023-01-25 06:00:00,-2.6,liquidation,-104.52,14
user_49,ETH,25696.26,1.644,buy,2023-01-25 07:00:00,1.01,liquidation,-8.51,30
user_39,BTC,47629.93,1.454,buy,2023-01-25 08:00:00,5.8,liquidation,-13.28,33
user_32,AVAX,35346.75,4.91,buy,2023-01-25 09:00:00,-3.64,open,-19.99,45
user_24,ETH,41177.51,2.684,sell,2023-01-25 10:00:00,1.59,liquidation,-5.73,15
user_23,ETH,12192.0,4.541,buy,2023-01-25 11:00:00,-3.09,open,13.21,7
user_32,ETH,37517.94,0.903,buy,2023-01-25 12:00:00,6.32,close,-7.51,15
user_37,AVAX,20086.52,3.25,buy,2023-01-25 13:00:00,-0.67,close,-63.2,42
user_12,ETH,50223.9,4.068,buy,2023-01-25 14:00:00,-8.47,liquidation,24.31,46
user_49,AVAX,38128.63,4.742,buy,2023-01-25 15:00:00,-6.68,open,-97.47,38
user_13,ETH,12732.52,1.753,buy,2023-01-25 16:00:00,-8.78,close,-102.52,46
user_23,SOL,4812.38,3.652,buy,2023-01-25 17:00:00,-0.01,open,36.96,44
user_25,BTC,3515.36,2.74,sell,2023-01-25 18:00:00,-7.87,open,25.35,11
user_35,SOL,22913.11,0.397,sell,2023-01-25 19:00:00,-7.72,close,-2.87,29
user_41,BTC,16685.22,3.481,sell,2023-01-25 20:00:00,8.82,open,-69.77,31
user_30,AVAX,39119.32,3.481,buy,2023-01-25 21:00:00,7.45,close,-35.4,25
user_17,SOL,30460.7,4.66,buy,2023-01-25 22:00:00,-0.96,close,-13.14,24
user_49,ETH,16695.14,2.537,sell,2023-01-25 23:00:00,9.72,close,-79.79,19
user_20,BTC,9805.03,1.228,buy,2023-01-26 00:00:00,-10.0,open,-36.95,2
user_48,BTC,8504.79,0.318,sell,2023-01-26 01:00:00,2.28,close,32.62,22
user_25,SOL,52014.96,2.137,buy,2023-01-26 02:00:00,2.33,open,71.37,20
user_22,AVAX,15365.2,1.579,buy,2023-01-26 03:00:00,-0.85,close,-20.97,33
user_13,SOL,39450.93,3.829,sell,2023-01-26 04:00:00,-2.06,close,37.82,8
user_19,AVAX,48830.47,1.836,sell,2023-01-26 05:00:00,-0.89,liquidation,-95.7,25
user_49,AVAX,37230.8,4.75,sell,2023-01-26 06:00:00,-1.7,liquidation,32.97,46
user_36,BTC,51714.35,4.815,sell,2023-01-26 07:00:00,4.61,liquidation,-40.2,9
user_12,SOL,24151.23,3.142,sell,2023-01-26 08:00:00,-7.29,open,15.37,34
user_41,SOL,57417.11,4.65,buy,2023-01-26 09:00:00,-6.05,open,-12.39,23
user_19,AVAX,8855.56,3.828,buy,2023-01-26 10:00:00,-6.39,close,66.02,5
user_12,SOL,7026.82,2.78,buy,2023-01-26 11:00:00,-4.75,close,-43.72,25
user_9,ETH,39862.84,0.984,sell,2023-01-26 12:00:00,0.51,close,31.38,8
user_7,ETH,56627.04,2.347,sell,2023-01-26 13:00:00,-7.78,close,-13.98,16
user_28,SOL,48724.12,2.848,sell,2023-01-26 14:00:00,7.36,open,-7.92,48
user_14,SOL,5508.59,4.333,sell,2023-01-26 15:00:00,-4.05,close,-9.19,45
user_31,AVAX,17482.7,2.459,sell,2023-01-26 16:00:00,-6.75,close,-42.28,15
user_19,ETH,55888.81,4.499,sell,2023-01-26 17:00:00,3.51,liquidation,-0.7,1
user_47,ETH,15930.45,3.404,buy,2023-01-26 18:00:00,-9.24,close,-3.13,22
user_16,BTC,47089.06,0.771,buy,2023-01-26 19:00:00,2.4,close,12.06,3
user_5,AVAX,49682.8,4.975,buy,2023-01-26 20:00:00,3.96,close,4.23,38
user_35,BTC,30231.67,2.683,buy,2023-01-26 21:00:00,-5.7,open,39.9,14
user_12,ETH,23794.59,2.02,buy,2023-01-26 22:00:00,-9.16,liquidation,46.18,36
user_25,AVAX,27557.34,3.33,sell,2023-01-26 23:00:00,-2.73,close,-52.53,18
user_21,SOL,14390.92,0.634,sell,2023-01-27 00:00:00,-8.03,close,43.44,47
user_36,AVAX,53474.06,3.219,sell,2023-01-27 01:00:00,-7.67,liquidation,-59.32,41
user_23,SOL,27586.56,2.541,sell,2023-01-27 02:00:00,-4.91,close,29.39,18
user_16,SOL,53065.11,2.093,sell,2023-01-27 03:00:00,-4.09,open,30.99,3
user_39,AVAX,7235.92,4.77,sell,2023-01-27 04:00:00,0.6,close,-95.57,10
user_45,SOL,59308.24,2.66,buy,2023-01-27 05:00:00,3.57,open,4.65,49
user_42,BTC,27153.11,1.174,sell,2023-01-27 06:00:00,1.86,open,-23.42,39
user_39,ETH,3822.02,2.349,sell,2023-01-27 07:00:00,-7.03,close,-37.94,47
user_14,SOL,3243.29,4.605,sell,2023-01-27 08:00:00,-6.56,liquidation,67.54,1
user_31,BTC,45026.23,0.963,sell,2023-01-27 09:00:00,7.58,open,-32.68,27
user_5,SOL,39883.1,1.148,buy,2023-01-27 10:00:00,1.17,liquidation,-40.32,27
user_35,ETH,48325.7,0.164,buy,2023-01-27 11:00:00,7.4,close,3.78,11
user_23,BTC,7216.68,0.17,sell,2023-01-27 12:00:00,-2.57,open,34.28,49
user_29,ETH,3098.68,4.164,buy,2023-01-27 13:00:00,2.29,close,-7.08,5
user_43,ETH,31006.18,3.687,buy,2023-01-27 14:00:00,0.47,liquidation,58.32,7
user_11,BTC,23868.12,1.84,sell,2023-01-27 15:00:00,-3.62,close,26.55,19
user_18,BTC,28254.87,3.522,sell,2023-01-27 16:00:00,-0.6,close,-108.91,29
user_47,BTC,59503.72,2.037,sell,2023-01-27 17:00:00,0.05,open,-26.47,15
user_12,AVAX,58274.25,4.769,sell,2023-01-27 18:00:00,-5.98,close,-28.09,35
user_9,BTC,56596.61,4.839,sell,2023-01-27 19:00:00,-3.7,close,23.97,47
user_10,BTC,47246.72,2.025,buy,2023-01-27 20:00:00,5.83,close,-131.24,37
user_44,BTC,21935.64,4.286,sell,2023-01-27 21:00:00,8.32,open,127.45,12
user_17,BTC,25315.72,3.888,sell,2023-01-27 22:00:00,-2.8,liquidation,26.55,30
user_38,SOL,33427.35,1.619,sell,2023-01-27 23:00:00,-3.86,liquidation,7.44,20
user_7,AVAX,50001.53,1.237,buy,2023-01-28 00:00:00,-6.1,close,59.08,37
user_46,ETH,5054.06,2.345,sell,2023-01-28 01:00:00,3.57,open,117.18,3
user_13,BTC,26033.52,3.929,sell,2023-01-28 02:00:00,-3.54,close,43.54,9
user_40,SOL,5874.44,4.805,sell,2023-01-28 03:00:00,9.75,liquidation,47.44,41
user_42,SOL,31364.8,3.842,buy,2023-01-28 04:00:00,-3.49,open,6.53,39
user_9,SOL,54035.15,4.291,sell,2023-01-28 05:00:00,-2.12,liquidation,-7.08,26
user_50,ETH,47166.61,3.055,sell,2023-01-28 06:00:00,2.07,liquidation,-23.79,2
user_27,BTC,14442.7,4.193,sell,2023-01-28 07:00:00,6.03,open,-41.31,23
user_2,AVAX,58583.46,3.944,buy,2023-01-28 08:00:00,-0.61,open,-34.35,23
user_5,AVAX,40373.67,1.947,sell,2023-01-28 09:00:00,-1.55,close,-67.53,21
user_29,SOL,1615.23,2.805,sell,2023-01-28 10:00:00,9.91,close,-3.79,16
user_37,ETH,16069.4,4.043,sell,2023-01-28 11:00:00,-9.79,liquidation,-84.23,9
user_38,ETH,16382.08,0.326,buy,2023-01-28 12:00:00,7.9,open,9.55,13
user_19,ETH,5086.0,4.06,sell,2023-01-28 13:00:00,-7.02,open,-1.82,28
user_8,AVAX,57629.76,0.972,sell,2023-01-28 14:00:00,5.72,close,7.35,27
user_48,SOL,29217.06,2.622,sell,2023-01-28 15:00:00,2.36,liquidation,-26.11,17
user_45,BTC,53853.06,4.061,buy,2023-01-28 16:00:00,-3.16,liquidation,153.84,38
user_1,AVAX,20010.71,1.344,buy,2023-01-28 17:00:00,7.48,close,68.01,36
user_22,SOL,8388.78,1.304,sell,2023-01-28 18:00:00,-9.74,open,-62.23,1
user_17,SOL,28985.83,2.074,buy,2023-01-28 19:00:00,-5.47,close,11.64,18
user_7,BTC,7723.44,4.484,buy,2023-01-28 20:00:00,1.34,close,-30.4,9
user_25,BTC,29674.91,0.102,buy,2023-01-28 21:00:00,-2.97,close,-50.72,13
user_45,BTC,55297.53,4.517,sell,2023-01-28 22:00:00,2.21,close,-67.0,40
user_4,ETH,31725.32,0.854,sell,2023-01-28 23:00:00,-9.52,open,21.61,45
user_36,BTC,37373.48,4.951,buy,2023-01-29 00:00:00,-7.67,close,-34.07,15
user_6,SOL,10241.67,4.779,buy,2023-01-29 01:00:00,-7.46,open,48.39,43
user_31,BTC,3580.4,2.524,buy,2023-01-29 02:00:00,-6.21,close,49.69,44
user_19,SOL,7537.67,2.612,sell,2023-01-29 03:00:00,-0.81,liquidation,68.7,46
user_44,AVAX,36313.36,2.46,sell,2023-01-29 04:00:00,5.04,open,-42.62,4
user_39,ETH,6605.69,3.214,buy,2023-01-29 05:00:00,8.11,liquidation,23.77,33
user_27,AVAX,23183.58,0.545,buy,2023-01-29 06:00:00,6.71,close,31.62,24
user_10,AVAX,33455.42,0.26,buy,2023-01-29 07:00:00,-6.06,close,-23.71,36
user_26,SOL,23930.52,0.383,buy,2023-01-29 08:00:00,-1.18,close,-38.59,41
user_19,AVAX,10657.34,2.277,sell,2023-01-29 09:00:00,-6.01,open,80.48,10
user_39,SOL,17153.69,1.45,buy,2023-01-29 10:00:00,-4.71,liquidation,11.37,36
user_3,BTC,55770.73,3.148,sell,2023-01-29 11:00:00,0.07,open,31.8,20
user_45,BTC,40882.95,4.963,buy,2023-01-29 12:00:00,-8.64,open,-41.1,41
user_13,SOL,30266.82,1.993,buy,2023-01-29 13:00:00,-5.64,close,-60.96,45
user_50,BTC,1750.18,2.912,buy,2023-01-29 14:00:00,8.71,liquidation,-28.47,44
user_28,ETH,59552.51,2.136,buy,2023-01-29 15:00:00,-0.68,close,-6.2,11
user_20,AVAX,40615.84,4.252,buy,2023-01-29 16:00:00,-1.09,open,-53.21,12
user_28,ETH,19698.43,4.521,sell,2023-01-29 17:00:00,-9.71,close,-0.49,18
user_8,AVAX,52876.85,4.399,buy,2023-01-29 18:00:00,-5.05,liquidation,-84.43,30
user_41,BTC,16247.47,4.874,buy,2023-01-29 19:00:00,7.33,close,-56.0,44
user_39,ETH,33096.98,0.235,buy,2023-01-29 20:00:00,-6.71,liquidation,33.55,48
user_1,BTC,38528.18,4.215,sell,2023-01-29 21:00:00,-1.7,liquidation,30.19,37
user_3,AVAX,14042.74,3.784,sell,2023-01-29 22:00:00,-9.71,close,-19.59,20
user_13,SOL,58725.44,1.221,sell,2023-01-29 23:00:00,-0.43,open,-50.89,25
user_28,SOL,45143.32,4.786,sell,2023-01-30 00:00:00,-9.58,close,-51.37,12
user_49,ETH,33910.98,0.826,buy,2023-01-30 01:00:00,6.39,open,-18.66,21
user_25,BTC,11655.08,3.43,buy,2023-01-30 02:00:00,6.5,open,32.23,25
user_33,BTC,4177.63,1.202,buy,2023-01-30 03:00:00,5.75,close,46.41,11
user_38,ETH,19883.53,2.214,sell,2023-01-30 04:00:00,-4.33,open,-24.83,9
user_6,SOL,45438.05,3.624,buy,2023-01-30 05:00:00,6.74,open,-57.67,50
user_44,AVAX,16890.55,2.86,buy,2023-01-30 06:00:00,0.86,close,13.39,25
user_45,ETH,32833.82,2.195,sell,2023-01-30 07:00:00,-2.52,close,-41.18,35
user_32,AVAX,43948.88,1.699,sell,2023-01-30 08:00:00,2.51,close,-25.91,32
user_45,SOL,7368.68,4.214,sell,2023-01-30 09:00:00,-9.75,open,66.26,49
user_47,BTC,41432.58,0.805,buy,2023-01-30 10:00:00,-7.14,liquidation,41.36,14
user_21,SOL,6420.38,2.208,buy,2023-01-30 11:00:00,4.85,open,7.9,1
user_16,ETH,57942.65,4.528,sell,2023-01-30 12:00:00,-5.12,liquidation,-63.6,17
user_21,BTC,29815.25,4.245,buy,2023-01-30 13:00:00,1.96,close,10.57,25
user_11,ETH,9889.89,2.065,sell,2023-01-30 14:00:00,-2.3,liquidation,53.13,8
user_37,ETH,21200.63,3.839,sell,2023-01-30 15:00:00,7.1,close,-18.78,5
user_36,SOL,25391.57,4.133,buy,2023-01-30 16:00:00,9.05,close,67.56,5
user_35,ETH,45732.92,4.456,sell,2023-01-30 17:00:00,7.67,liquidation,64.64,41
user_19,SOL,44862.0,2.768,sell,2023-01-30 18:00:00,-4.59,close,83.19,35
user_20,BTC,37104.49,1.102,sell,2023-01-30 19:00:00,-6.12,liquidation,15.26,19
user_18,SOL,7249.91,1.351,buy,2023-01-30 20:00:00,-0.51,close,29.37,23
user_47,BTC,9942.59,1.549,sell,2023-01-30 21:00:00,-9.85,open,70.71,9
user_41,SOL,6531.66,3.01,sell,2023-01-30 22:00:00,-9.48,open,22.37,30
user_49,AVAX,35053.19,0.261,sell,2023-01-30 23:00:00,1.07,close,-25.06,50
user_14,AVAX,52751.17,3.217,sell,2023-01-31 00:00:00,0.41,close,-22.43,16
user_15,ETH,26594.23,1.885,sell,2023-01-31 01:00:00,9.89,liquidation,11.93,33
user_31,SOL,10490.04,1.547,sell,2023-01-31 02:00:00,-5.96,open,-64.53,2
user_1,SOL,33924.5,4.41,sell,2023-01-31 03:00:00,-4.84,liquidation,-7.16,14
user_3,BTC,48893.38,2.354,buy,2023-01-31 04:00:00,-7.73,close,54.83,46
user_16,ETH,44761.01,0.566,buy,2023-01-31 05:00:00,8.35,close,-109.56,1
user_23,SOL,53005.6,4.151,sell,2023-01-31 06:00:00,5.56,liquidation,76.72,26
user_11,ETH,17396.22,0.333,buy,2023-01-31 07:00:00,6.45,close,56.12,25
user_12,AVAX,12443.28,3.661,buy,2023-01-31 08:00:00,8.06,open,-22.99,16
user_10,SOL,52909.17,3.892,sell,2023-01-31 09:00:00,0.5,liquidation,27.17,15
user_32,SOL,39796.06,1.828,buy,2023-01-31 10:00:00,-0.98,open,0.16,26
user_16,ETH,19344.81,4.141,sell,2023-01-31 11:00:00,-3.39,open,61.5,47
user_8,SOL,44798.53,2.627,sell,2023-01-31 12:00:00,1.78,open,49.13,44
user_38,ETH,49091.98,2.37,sell,2023-01-31 13:00:00,-0.91,liquidation,-70.0,16
user_12,SOL,37283.72,0.322,sell,2023-01-31 14:00:00,-0.97,close,29.36,14
user_24,BTC,41585.16,1.521,sell,2023-01-31 15:00:00,8.74,open,-10.28,29
user_28,ETH,23140.33,4.662,buy,2023-01-31 16:00:00,9.68,open,4.14,24
user_8,SOL,32783.04,2.02,sell,2023-01-31 17:00:00,5.93,open,-36.41,47
user_28,AVAX,31925.39,2.779,buy,2023-01-31 18:00:00,5.14,close,87.41,15
user_36,SOL,51034.82,2.707,sell,2023-01-31 19:00:00,3.61,close,52.0,19
user_26,AVAX,50557.87,2.993,sell,2023-01-31 20:00:00,-6.68,liquidation,-36.99,8
user_8,AVAX,50128.15,0.401,sell,2023-01-31 21:00:00,-8.82,close,-66.73,34
user_50,BTC,1650.87,1.875,buy,2023-01-31 22:00:00,3.81,liquidation,-19.28,2
user_28,ETH,45223.18,3.643,sell,2023-01-31 23:00:00,4.58,liquidation,21.73,27
user_28,SOL,45761.91,1.083,sell,2023-02-01 00:00:00,-9.06,liquidation,12.01,10
user_37,BTC,41024.35,1.098,sell,2023-02-01 01:00:00,8.56,liquidation,62.66,35
user_41,SOL,45619.61,0.149,sell,2023-02-01 02:00:00,-8.18,liquidation,39.5,23
user_36,AVAX,50676.25,2.244,buy,2023-02-01 03:00:00,-4.28,open,48.48,49
user_27,ETH,28748.82,4.425,sell,2023-02-01 04:00:00,3.45,close,16.34,8
user_17,SOL,30620.96,0.354,buy,2023-02-01 05:00:00,-6.6,open,-69.46,28
user_9,SOL,8358.13,1.036,sell,2023-02-01 06:00:00,-8.89,liquidation,-9.78,23
user_33,AVAX,23737.18,1.619,buy,2023-02-01 07:00:00,-3.38,close,53.0,4
user_20,SOL,38958.55,3.685,buy,2023-02-01 08:00:00,5.32,open,-2.58,14
user_13,SOL,47043.59,3.239,sell,2023-02-01 09:00:00,-1.73,open,25.15,42
user_28,AVAX,13815.34,2.138,sell,2023-02-01 10:00:00,3.06,liquidation,-15.94,29
user_48,BTC,9131.55,3.819,buy,2023-02-01 11:00:00,1.59,open,-51.49,1
user_29,AVAX,40119.48,3.087,sell,2023-02-01 12:00:00,-9.56,open,-6.17,4
user_13,BTC,1110.91,4.491,sell,2023-02-01 13:00:00,9.77,open,15.45,32
user_46,ETH,11523.98,4.108,sell,2023-02-01 14:00:00,-9.17,open,-32.78,33
user_35,BTC,2715.21,1.339,buy,2023-02-01 15:00:00,9.36,open,-11.79,49
user_6,BTC,10846.22,1.43,sell,2023-02-01 16:00:00,1.0,liquidation,-46.97,26
user_18,ETH,11697.84,0.714,sell,2023-02-01 17:00:00,9.26,liquidation,55.96,17
user_5,BTC,23872.74,1.751,sell,2023-02-01 18:00:00,-7.7,open,-14.72,39
user_47,AVAX,24737.3,4.998,buy,2023-02-01 19:00:00,-0.19,liquidation,72.64,23
user_25,BTC,52581.49,2.088,sell,2023-02-01 20:00:00,-6.61,liquidation,76.44,32
user_2,ETH,31096.47,1.18,buy,2023-02-01 21:00:00,-8.98,close,-4.05,15
user_10,AVAX,43680.88,3.836,sell,2023-02-01 22:00:00,2.35,open,-50.42,13
user_30,ETH,7144.1,2.758,buy,2023-02-01 23:00:00,-5.84,liquidation,-104.29,2
user_50,ETH,14300.89,0.833,sell,2023-02-02 00:00:00,1.75,liquidation,-73.6,19
user_45,SOL,42473.66,1.965,sell,2023-02-02 01:00:00,-7.75,open,-68.69,24
user_5,SOL,4115.43,2.131,buy,2023-02-02 02:00:00,-3.36,close,68.92,45
user_33,ETH,29709.26,3.794,buy,2023-02-02 03:00:00,5.63,open,5.79,24
user_1,ETH,36362.77,0.201,buy,2023-02-02 04:00:00,-1.26,close,19.48,11
user_18,ETH,36526.59,1.418,sell,2023-02-02 05:00:00,2.55,open,-111.02,22
user_32,SOL,2353.04,2.636,sell,2023-02-02 06:00:00,2.95,open,-59.9,15
user_47,SOL,20004.37,1.417,sell,2023-02-02 07:00:00,6.88,open,44.35,10
user_49,BTC,38552.95,3.179,sell,2023-02-02 08:00:00,-3.5,open,14.34,41
user_11,BTC,9790.98,2.461,buy,2023-02-02 09:00:00,3.75,close,-7.36,27
user_21,ETH,42029.52,1.872,sell,2023-02-02 10:00:00,9.23,close,28.24,9
user_26,AVAX,45009.59,4.751,sell,2023-02-02 11:00:00,4.6,liquidation,81.79,28
user_25,AVAX,58936.18,3.198,sell,2023-02-02 12:00:00,-0.2,open,-11.05,1
user_22,SOL,13380.68,0.737,sell,2023-02-02 13:00:00,2.61,close,3.47,17
user_27,SOL,49682.71,2.844,sell,2023-02-02 14:00:00,4.79,close,9.63,31
user_49,SOL,31697.5,3.926,sell,2023-02-02 15:00:00,2.25,close,119.61,44
user_13,ETH,23034.29,3.572,sell,2023-02-02 16:00:00,-9.67,open,-104.97,10
user_33,AVAX,8220.23,0.943,buy,2023-02-02 17:00:00,-6.1,liquidation,34.16,37
user_34,BTC,44394.83,4.865,sell,2023-02-02 18:00:00,6.21,close,-5.74,29
user_41,ETH,14915.6,2.299,sell,2023-02-02 19:00:00,-4.55,open,28.34,18
user_35,BTC,22913.9,0.879,sell,2023-02-02 20:00:00,4.63,close,-32.87,47
user_1,BTC,4689.99,0.983,sell,2023-02-02 21:00:00,-2.56,close,-2.45,38
user_21,ETH,48280.65,0.581,buy,2023-02-02 22:00:00,0.44,liquidation,35.57,39
user_48,BTC,46228.72,4.037,buy,2023-02-02 23:00:00,-8.64,close,155.65,49
user_6,AVAX,44283.33,0.698,buy,2023-02-03 00:00:00,-6.38,close,40.4,6
user_28,BTC,18667.17,0.713,buy,2023-02-03 01:00:00,9.14,open,-42.4,40
user_17,AVAX,11235.32,4.267,buy,2023-02-03 02:00:00,7.8,open,-21.19,12
user_5,AVAX,38615.64,1.789,buy,2023-02-03 03:00:00,3.05,liquidation,-22.67,14
user_31,AVAX,30273.82,0.251,sell,2023-02-03 04:00:00,-0.81,open,-89.78,44
user_5,SOL,11516.9,0.354,buy,2023-02-03 05:00:00,3.52,open,-16.5,10
user_38,BTC,41468.76,0.797,buy,2023-02-03 06:00:00,2.37,liquidation,36.64,20
user_3,ETH,59476.46,1.146,sell,2023-02-03 07:00:00,1.37,close,-63.71,15
user_23,ETH,45085.96,3.359,buy,2023-02-03 08:00:00,-8.82,liquidation,52.42,31
user_37,BTC,44659.2,0.871,sell,2023-02-03 09:00:00,2.66,open,24.39,7
user_37,SOL,57068.45,0.682,sell,2023-02-03 10:00:00,5.38,liquidation,-36.71,41
user_10,SOL,12973.25,3.847,buy,2023-02-03 11:00:00,9.88,close,-7.08,10
user_10,AVAX,34367.45,3.388,sell,2023-02-03 12:00:00,-9.78,liquidation,79.92,10
user_19,BTC,58799.16,2.233,buy,2023-02-03 13:00:00,4.6,open,36.68,48
user_17,BTC,10752.35,2.792,buy,2023-02-03 14:00:00,1.44,open,0.44,39
user_21,ETH,42314.87,1.629,sell,2023-02-03 15:00:00,-1.32,liquidation,-11.88,28
user_14,BTC,35562.8,2.464,sell,2023-02-03 16:00:00,-7.45,close,3.83,30
user_9,SOL,35602.27,2.583,buy,2023-02-03 17:00:00,-1.82,liquidation,-25.59,37
user_46,BTC,42162.57,1.997,sell,2023-02-03 18:00:00,-2.91,close,-105.24,3
user_1,ETH,55847.4,4.542,sell,2023-02-03 19:00:00,-3.94,close,102.11,50
user_45,AVAX,47172.33,0.179,buy,2023-02-03 20:00:00,4.62,liquidation,7.77,43
user_13,ETH,4312.03,3.933,buy,2023-02-03 21:00:00,4.01,close,19.91,15
user_4,ETH,51310.95,0.709,sell,2023-02-03 22:00:00,1.78,open,-2.9,21
user_1,AVAX,14306.94,4.008,buy,2023-02-03 23:00:00,8.77,liquidation,-36.76,37
user_49,ETH,23237.94,3.118,buy,2023-02-04 00:00:00,-3.0,close,-9.3,12
user_40,ETH,28242.24,4.232,buy,2023-02-04 01:00:00,-5.12,open,-79.97,4
user_32,BTC,29373.45,0.578,buy,2023-02-04 02:00:00,3.12,liquidation,113.85,47
user_34,BTC,26675.64,2.839,buy,2023-02-04 03:00:00,-6.02,open,-61.73,9
user_28,AVAX,56303.84,2.555,buy,2023-02-04 04:00:00,-3.7,open,-51.6,39
user_31,BTC,42655.12,3.56,buy,2023-02-04 05:00:00,-5.51,open,-22.01,42
user_8,BTC,38239.07,2.718,sell,2023-02-04 06:00:00,-8.62,close,64.4,28
user_39,ETH,3940.68,2.75,buy,2023-02-04 07:00:00,6.55,liquidation,0.73,23
user_26,SOL,54330.89,2.205,sell,2023-02-04 08:00:00,-4.91,liquidation,-61.81,45
user_34,BTC,54654.02,1.613,sell,2023-02-04 09:00:00,-0.54,close,62.72,40
user_3,SOL,47032.57,2.463,sell,2023-02-04 10:00:00,-9.13,liquidation,36.55,44
user_50,BTC,1414.72,0.681,buy,2023-02-04 11:00:00,3.99,open,26.92,22
user_12,BTC,4379.53,4.811,buy,2023-02-04 12:00:00,-3.39,liquidation,35.79,24
user_1,AVAX,14288.2,3.601,sell,2023-02-04 13:00:00,4.89,close,119.72,26
user_44,AVAX,8749.62,4.767,buy,2023-02-04 14:00:00,-1.75,open,109.25,30
user_5,AVAX,24531.33,1.211,sell,2023-02-04 15:00:00,-6.08,close,-34.34,33
user_30,SOL,55434.76,4.409,buy,2023-02-04 16:00:00,0.26,open,81.19,16
user_30,ETH,28851.57,4.063,buy,2023-02-04 17:00:00,-7.39,open,19.16,22
user_17,BTC,1790.75,3.418,sell,2023-02-04 18:00:00,-1.19,liquidation,24.95,49
user_48,BTC,17682.0,3.163,sell,2023-02-04 19:00:00,-3.65,open,-84.61,50
user_47,BTC,3631.1,1.651,sell,2023-02-04 20:00:00,8.24,close,-8.52,43
user_23,SOL,3140.97,4.1,buy,2023-02-04 21:00:00,-8.78,liquidation,-40.64,18
user_15,AVAX,17267.47,2.557,sell,2023-02-04 22:00:00,3.88,close,41.4,7
user_37,ETH,17261.13,0.447,buy,2023-02-04 23:00:00,-6.34,open,53.55,50
user_21,SOL,47440.47,1.633,buy,2023-02-05 00:00:00,-3.62,close,-103.72,26
user_14,AVAX,58515.24,4.683,buy,2023-02-05 01:00:00,-1.69,close,-1.1,8
user_2,SOL,22901.22,4.268,sell,2023-02-05 02:00:00,8.16,open,56.09,6
user_11,ETH,26304.33,4.911,sell,2023-02-05 03:00:00,-5.15,liquidation,-9.33,30
user_39,AVAX,50842.58,3.177,sell,2023-02-05 04:00:00,-8.17,close,36.45,39
user_38,SOL,16820.2,1.313,buy,2023-02-05 05:00:00,-3.63,open,17.56,23
user_34,ETH,10226.53,0.898,buy,2023-02-05 06:00:00,-7.91,liquidation,17.08,32
user_38,BTC,51332.29,1.016,sell,2023-02-05 07:00:00,-7.43,liquidation,-13.57,22
user_50,ETH,3743.53,0.197,buy,2023-02-05 08:00:00,1.48,liquidation,-60.83,42
user_34,BTC,37562.27,2.014,buy,2023-02-05 09:00:00,-8.78,close,-56.08,43
user_18,SOL,34157.58,1.038,sell,2023-02-05 10:00:00,-9.38,close,35.47,45
user_30,AVAX,21409.31,2.117,sell,2023-02-05 11:00:00,4.29,close,0.97,9
user_15,AVAX,19596.18,4.681,sell,2023-02-05 12:00:00,-2.77,liquidation,-6.93,31
user_27,SOL,46539.61,2.21,buy,2023-02-05 13:00:00,-7.49,close,-21.19,7
user_34,AVAX,6099.05,4.402,buy,2023-02-05 14:00:00,-4.93,open,-15.26,9
user_38,AVAX,14970.27,3.067,buy,2023-02-05 15:00:00,2.84,close,52.35,13
user_33,BTC,44214.48,1.311,buy,2023-02-05 16:00:00,-4.49,close,-16.76,3
user_24,SOL,33350.91,1.844,buy,2023-02-05 17:00:00,-0.11,liquidation,-67.05,35
user_15,ETH,8551.3,0.511,sell,2023-02-05 18:00:00,-7.57,close,37.18,33
user_30,BTC,53046.0,1.734,buy,2023-02-05 19:00:00,1.76,open,-10.24,21
user_42,SOL,24213.42,3.42,buy,2023-02-05 20:00:00,-3.68,liquidation,1.57,31
user_17,BTC,49844.23,0.453,buy,2023-02-05 21:00:00,2.54,open,80.38,34
user_5,ETH,47475.07,1.106,sell,2023-02-05 22:00:00,6.17,liquidation,-1.03,32
user_29,ETH,37841.1,1.969,sell,2023-02-05 23:00:00,2.23,liquidation,14.46,35
user_4,SOL,30174.39,4.912,sell,2023-02-06 00:00:00,-4.09,close,-58.95,15
user_10,ETH,58793.5,3.946,buy,2023-02-06 01:00:00,-4.89,open,-10.98,32
user_17,BTC,9552.94,3.694,sell,2023-02-06 02:00:00,-3.45,liquidation,30.48,6
user_10,ETH,43784.19,0.669,sell,2023-02-06 03:00:00,-6.71,close,-77.77,45
user_17,BTC,12280.25,3.927,sell,2023-02-06 04:00:00,-6.38,liquidation,10.04,21
user_20,BTC,20957.52,3.948,buy,2023-02-06 05:00:00,5.81,liquidation,5.04,33
user_24,ETH,19213.23,3.045,sell,2023-02-06 06:00:00,-2.31,liquidation,2.06,32
user_5,SOL,56875.12,4.953,buy,2023-02-06 07:00:00,-1.28,liquidation,51.86,19
user_34,AVAX,58074.01,1.694,buy,2023-02-06 08:00:00,1.88,liquidation,16.72,33
user_6,ETH,11797.91,4.712,sell,2023-02-06 09:00:00,1.79,liquidation,73.9,28
user_2,BTC,2300.07,4.582,buy,2023-02-06 10:00:00,-8.65,close,-49.68,31
user_13,BTC,43480.47,0.156,sell,2023-02-06 11:00:00,6.63,liquidation,6.8,21
user_43,ETH,25661.41,2.306,buy,2023-02-06 12:00:00,-6.45,open,4.22,34
user_43,SOL,6241.57,4.888,sell,2023-02-06 13:00:00,4.46,close,-53.46,15
user_48,SOL,41341.49,0.605,sell,2023-02-06 14:00:00,5.45,open,47.81,14
user_11,BTC,33161.23,2.784,sell,2023-02-06 15:00:00,4.3,liquidation,116.23,19
user_47,BTC,58850.49,4.897,buy,2023-02-06 16:00:00,1.58,open,-0.85,43
user_23,SOL,14417.16,2.822,sell,2023-02-06 17:00:00,-9.71,liquidation,25.25,15
user_16,AVAX,24834.69,1.03,buy,2023-02-06 18:00:00,-2.79,liquidation,4.23,6
user_31,ETH,33010.2,2.953,sell,2023-02-06 19:00:00,2.1,close,-35.68,9
user_11,BTC,47710.3,1.102,buy,2023-02-06 20:00:00,-2.25,close,-91.04,37
user_16,BTC,33381.48,2.647,buy,2023-02-06 21:00:00,7.27,liquidation,-35.29,20
user_8,SOL,37161.11,0.463,sell,2023-02-06 22:00:00,-3.82,close,-69.6,34
user_4,ETH,14342.68,3.067,sell,2023-02-06 23:00:00,-4.13,open,85.21,38
user_40,SOL,50968.2,2.632,sell,2023-02-07 00:00:00,-4.68,close,-5.76,26
user_4,ETH,26289.2,3.727,sell,2023-02-07 01:00:00,-3.34,close,-17.3,18
user_25,ETH,9316.62,3.19,sell,2023-02-07 02:00:00,1.15,open,44.46,28
user_3,ETH,40187.09,2.793,buy,2023-02-07 03:00:00,4.14,close,-56.09,9
user_32,BTC,13749.34,3.48,sell,2023-02-07 04:00:00,3.25,liquidation,-38.34,32
user_3,AVAX,6756.19,0.805,sell,2023-02-07 05:00:00,6.15,open,3.4,6
user_27,SOL,51857.23,3.017,buy,2023-02-07 06:00:00,7.72,liquidation,51.44,14
user_29,AVAX,28149.57,0.943,sell,2023-02-07 07:00:00,6.32,open,25.08,28
user_32,SOL,45207.74,4.635,sell,2023-02-07 08:00:00,-9.62,liquidation,12.42,24
user_50,ETH,18144.67,0.435,buy,2023-02-07 09:00:00,4.72,liquidation,3.91,13
user_19,BTC,47431.24,2.209,sell,2023-02-07 10:00:00,-5.83,close,20.01,43
user_21,AVAX,7604.22,3.509,sell,2023-02-07 11:00:00,-7.34,liquidation,10.08,12
user_5,BTC,22002.43,2.344,sell,2023-02-07 12:00:00,2.77,close,-51.5,19
user_18,SOL,58705.65,0.551,buy,2023-02-07 13:00:00,-3.61,open,2.3,21
user_28,BTC,47845.39,2.812,sell,2023-02-07 14:00:00,-8.86,liquidation,-53.68,27
user_42,BTC,30338.1,3.244,buy,2023-02-07 15:00:00,-7.25,liquidation,4.05,19
user_22,AVAX,21046.87,3.549,sell,2023-02-07 16:00:00,-9.98,open,-24.03,24
user_21,ETH,52456.01,1.929,buy,2023-02-07 17:00:00,8.06,open,126.97,26
user_6,BTC,33146.02,2.862,sell,2023-02-07 18:00:00,-9.51,liquidation,-1.99,45
user_1,ETH,45747.08,2.308,buy,2023-02-07 19:00:00,-5.81,open,-70.21,28
user_5,SOL,45492.35,3.393,buy,2023-02-07 20:00:00,-1.67,close,-6.71,46
user_41,BTC,2058.8,2.959,buy,2023-02-07 21:00:00,-2.87,open,25.97,18
user_12,AVAX,8448.97,2.676,buy,2023-02-07 22:00:00,8.23,open,83.67,44
user_26,SOL,39918.13,1.323,buy,2023-02-07 23:00:00,-9.19,liquidation,-29.47,36
user_46,SOL,10535.57,0.11,buy,2023-02-08 00:00:00,0.24,close,-79.12,42
user_34,AVAX,16074.11,0.953,sell,2023-02-08 01:00:00,3.61,open,40.84,29
user_49,BTC,56851.64,0.674,sell,2023-02-08 02:00:00,8.63,close,-69.03,17
user_14,BTC,34050.75,2.301,buy,2023-02-08 03:00:00,2.41,close,-21.81,4
user_26,SOL,45293.04,3.1,buy,2023-02-08 04:00:00,6.08,close,-12.88,44
user_45,BTC,33920.86,1.144,buy,2023-02-08 05:00:00,-8.33,liquidation,-3.48,45
user_27,ETH,33598.3,4.701,buy,2023-02-08 06:00:00,-2.28,open,34.46,29
user_9,AVAX,6554.96,0.133,sell,2023-02-08 07:00:00,-2.52,liquidation,-34.18,4
user_26,ETH,21276.13,3.884,buy,2023-02-08 08:00:00,7.73,open,-13.69,10
user_47,BTC,17663.42,3.164,sell,2023-02-08 09:00:00,-6.97,open,-0.71,25
user_22,SOL,24052.97,1.93,sell,2023-02-08 10:00:00,-6.96,liquidation,7.48,31
user_47,AVAX,48102.31,0.347,buy,2023-02-08 11:00:00,-3.43,close,4.89,3
user_30,BTC,22944.03,3.175,buy,2023-02-08 12:00:00,-8.91,close,21.8,47
user_43,BTC,27650.11,1.99,sell,2023-02-08 13:00:00,-6.35,open,42.19,2
user_48,SOL,24445.5,4.688,sell,2023-02-08 14:00:00,9.3,liquidation,19.63,25
user_17,SOL,6511.07,2.756,buy,2023-02-08 15:00:00,-1.44,close,22.68,49
user_26,ETH,27023.26,4.704,buy,2023-02-08 16:00:00,2.64,close,-79.11,6
user_36,AVAX,12540.95,1.18,buy,2023-02-08 17:00:00,4.52,open,2.51,26
user_1,AVAX,12016.67,3.656,sell,2023-02-08 18:00:00,-2.66,open,23.98,8
user_8,SOL,6548.13,3.125,sell,2023-02-08 19:00:00,-7.06,liquidation,36.45,35
user_49,ETH,22043.59,3.723,buy,2023-02-08 20:00:00,-5.87,open,-34.62,27
user_35,AVAX,45691.43,1.152,sell,2023-02-08 21:00:00,-3.73,close,-32.95,25
user_15,SOL,17310.06,3.358,sell,2023-02-08 22:00:00,2.72,close,-28.71,18
user_47,BTC,19428.6,2.54,buy,2023-02-08 23:00:00,-2.03,close,26.82,1
user_22,AVAX,38917.8,3.74,buy,2023-02-09 00:00:00,-9.86,close,51.69,48
user_14,ETH,12554.61,1.703,sell,2023-02-09 01:00:00,0.47,liquidation,-20.37,39
user_26,ETH,53920.52,4.461,sell,2023-02-09 02:00:00,8.43,liquidation,45.4,3
user_28,ETH,31691.24,0.513,buy,2023-02-09 03:00:00,6.24,open,6.17,4
user_23,BTC,27408.57,4.055,buy,2023-02-09 04:00:00,6.5,open,-6.21,41
user_14,AVAX,33911.39,4.32,buy,2023-02-09 05:00:00,5.9,open,-10.57,37
user_24,AVAX,10796.02,4.105,buy,2023-02-09 06:00:00,-3.53,liquidation,37.33,15
user_2,BTC,37194.92,2.612,buy,2023-02-09 07:00:00,5.3,close,16.28,8
user_45,AVAX,22422.94,2.248,sell,2023-02-09 08:00:00,-7.14,open,113.79,38
user_26,BTC,53933.99,4.982,sell,2023-02-09 09:00:00,3.15,close,-42.61,50
user_14,BTC,10962.4,1.223,sell,2023-02-09 10:00:00,2.83,open,25.91,19
user_7,BTC,30916.02,2.78,sell,2023-02-09 11:00:00,-9.49,open,-26.46,47
user_3,ETH,36288.65,3.386,buy,2023-02-09 12:00:00,5.76,open,-43.46,26
user_47,AVAX,2969.63,3.534,buy,2023-02-09 13:00:00,8.06,open,-0.54,39
user_23,BTC,22457.89,1.1,buy,2023-02-09 14:00:00,-4.65,open,6.87,10
user_46,AVAX,44225.48,3.305,sell,2023-02-09 15:00:00,6.25,close,145.91,38
user_43,ETH,49402.27,4.11,sell,2023-02-09 16:00:00,-8.35,open,-9.21,14
user_47,BTC,19476.56,0.345,sell,2023-02-09 17:00:00,2.0,close,-56.51,49
user_45,SOL,48117.0,4.566,buy,2023-02-09 18:00:00,-0.29,liquidation,13.65,41
user_18,ETH,58097.6,0.245,sell,2023-02-09 19:00:00,0.92,open,-103.73,19
user_38,SOL,51555.56,1.844,buy,2023-02-09 20:00:00,8.52,close,-4.6,30
user_35,AVAX,7941.0,0.177,buy,2023-02-09 21:00:00,7.43,liquidation,0.8,5
user_15,AVAX,44644.09,0.478,buy,2023-02-09 22:00:00,5.7,liquidation,39.73,31
user_25,ETH,19860.34,4.565,buy,2023-02-09 23:00:00,-4.53,liquidation,48.68,7
user_37,AVAX,59316.54,1.839,buy,2023-02-10 00:00:00,8.24,close,-25.18,19
user_28,SOL,29636.18,2.181,buy,2023-02-10 01:00:00,-8.05,open,-7.53,31
user_10,BTC,8223.6,1.155,sell,2023-02-10 02:00:00,7.07,open,-38.31,39
user_39,BTC,43785.95,3.026,buy,2023-02-10 03:00:00,-3.44,close,-56.4,24
user_17,BTC,20057.66,3.015,buy,2023-02-10 04:00:00,-8.92,open,15.49,34
user_39,ETH,59827.61,1.924,sell,2023-02-10 05:00:00,3.39,close,-63.68,23
user_22,AVAX,58807.17,1.732,buy,2023-02-10 06:00:00,-5.37,open,-20.73,48
user_26,SOL,39711.91,4.436,sell,2023-02-10 07:00:00,-5.13,liquidation,-49.76,45
user_44,AVAX,8659.76,1.978,sell,2023-02-10 08:00:00,-3.88,open,27.48,40
user_25,AVAX,41524.8,2.518,sell,2023-02-10 09:00:00,-8.73,close,90.07,6
user_17,AVAX,6488.8,1.488,buy,2023-02-10 10:00:00,-6.46,close,-65.08,38
user_13,BTC,2732.49,3.955,buy,2023-02-10 11:00:00,-9.9,liquidation,-92.65,41
user_20,SOL,49554.55,2.047,sell,2023-02-10 12:00:00,-1.09,close,-6.24,36
user_25,SOL,13375.42,2.617,buy,2023-02-10 13:00:00,-8.31,open,0.78,27
user_4,AVAX,23362.6,1.341,buy,2023-02-10 14:00:00,3.65,open,10.93,11
user_10,BTC,58433.99,4.94,sell,2023-02-10 15:00:00,-5.29,liquidation,-22.32,5
user_3,BTC,20873.59,1.528,sell,2023-02-10 16:00:00,8.87,close,-10.03,17
user_41,SOL,18492.9,3.877,buy,2023-02-10 17:00:00,7.43,liquidation,18.38,7
user_45,BTC,55174.27,2.195,sell,2023-02-10 18:00:00,-4.21,open,52.02,27
user_18,BTC,7534.16,1.11,sell,2023-02-10 19:00:00,5.66,liquidation,-97.75,47
user_47,BTC,45815.36,4.019,sell,2023-02-10 20:00:00,6.06,close,-18.45,15
user_36,ETH,59295.87,1.735,buy,2023-02-10 21:00:00,9.73,liquidation,10.69,46
user_47,AVAX,54176.46,4.339,buy,2023-02-10 22:00:00,1.96,close,-45.9,13
user_22,SOL,39448.41,4.585,buy,2023-02-10 23:00:00,-8.36,close,86.56,11
user_34,SOL,19529.59,4.313,sell,2023-02-11 00:00:00,2.94,open,-31.77,45
user_47,ETH,16005.0,0.272,buy,2023-02-11 01:00:00,2.5,open,-2.06,26
user_8,AVAX,49336.05,3.958,sell,2023-02-11 02:00:00,2.77,open,27.8,22
user_40,SOL,52909.49,2.116,buy,2023-02-11 03:00:00,-3.86,close,-29.56,28
user_49,BTC,32000.66,4.381,buy,2023-02-11 04:00:00,7.19,liquidation,-92.33,24
user_44,SOL,15416.06,3.226,sell,2023-02-11 05:00:00,9.19,close,-21.43,29
user_19,BTC,7663.65,4.185,buy,2023-02-11 06:00:00,-5.65,open,51.47,9
user_42,ETH,6143.59,2.547,sell,2023-02-11 07:00:00,-8.24,open,-16.84,42
user_41,BTC,43425.57,2.722,buy,2023-02-11 08:00:00,-6.11,liquidation,-42.32,4
user_37,SOL,25787.0,0.807,buy,2023-02-11 09:00:00,6.41,open,46.28,49
user_6,SOL,54416.23,3.942,sell,2023-02-11 10:00:00,3.53,open,-16.54,46
user_26,SOL,44640.61,2.155,sell,2023-02-11 11:00:00,2.72,open,-25.51,18
user_34,ETH,12284.36,2.55,sell,2023-02-11 12:00:00,-1.96,liquidation,7.47,43
user_45,ETH,37212.87,3.947,buy,2023-02-11 13:00:00,1.56,close,38.54,16
user_6,AVAX,26694.82,3.034,buy,2023-02-11 14:00:00,-3.84,open,119.09,33
user_37,SOL,35057.73,1.085,buy,2023-02-11 15:00:00,-0.46,liquidation,41.36,29
